draw,office_emb_cost,combined_emb_cost,dnc_cost,incremental_cost_combined_vs_office,cheapest_strategy,office_emb_neoplasia_delayed_per_1000,combined_emb_neoplasia_delayed_per_1000,dnc_neoplasia_delayed_per_1000,office_emb_major_ae_per_1000,combined_emb_major_ae_per_1000,dnc_major_ae_per_1000
1,717.7436601270304,473.0823475630647,3302.324728533051,-244.66131256396568,combined_emb,0,0,0,3.0500535135499796,0.610847132569008,21.5249438849806
2,524.0786145626485,510.97540321565214,3585.5654798505225,-13.103211346996318,combined_emb,0,0,0,1.292176491977307,0.6407290224796831,15.713176844187702
3,818.586701329785,432.1879376585282,4436.069239257306,-386.3987636712568,combined_emb,0,0,0,2.4821572443099615,0.10534709933460529,19.612167753095598
4,781.1904857434333,726.0481909063435,4067.9869091997602,-55.14229483708982,combined_emb,0,0,0,2.7170901547272694,0.8330249517135007,20.0948271244775
5,691.5104690412675,426.84532855558007,3743.319128388226,-264.6651404856874,combined_emb,0,0,0,2.4239241206163267,0.014949286748022114,19.2564857255
6,745.0600976626635,777.6080783067869,4795.69620740621,32.54798064412341,office_emb,0,0,0,1.986174432700719,1.1622722378854737,18.342455009782597
7,886.7792568207278,648.7316581733382,4127.715762756715,-238.04759864738958,combined_emb,0,0,0,2.627399574856649,0.8108148907050603,16.6762983003695
8,841.025825965949,543.3809222472112,4480.402628435501,-297.64490371873785,combined_emb,0,0,0,2.7632211961089714,0.6744774763704957,20.154342443132503
9,699.3824889908469,540.4079134236489,3908.0922300068364,-158.97457556719803,combined_emb,0,0,0,2.4583858971408032,0.15576404002124317,20.0994639638469
10,728.9129571507242,857.5095586151094,3952.7234231298694,128.59660146438523,office_emb,0,0,0,2.580269780601566,1.0468077435637948,20.3729740793333
11,665.9078244266541,592.6973812214958,3996.8526117279484,-73.2104432051583,combined_emb,0,0,0,2.1453567804994518,0.7806646898801353,19.823146525756798
12,722.4289314354571,406.0099430471731,3608.3192413986612,-316.418988388284,combined_emb,0,0,0,2.6752824781592075,0.2158840339090015,19.7922632818134
13,619.7873439443979,471.65897863700513,4059.148135485613,-148.12836530739276,combined_emb,0,0,0,1.4630217678786108,0.4952840423727518,15.1527500458184
14,922.3498391520651,860.641294361195,5131.901043691413,-61.708544790870064,combined_emb,0,0,0,1.9584934756620787,0.5514494636918933,14.757975914119301
15,708.2872993193414,384.53113337496825,4221.83108586934,-323.75616594437315,combined_emb,0,0,0,2.286723219116974,0.12470480341317895,19.8444955790217
16,855.8029292034141,347.44409367690207,3841.1992678561755,-508.35883552651205,combined_emb,0,0,0,2.5167258506721346,0.12028110636449858,15.967701256133601
17,939.0490930720475,508.46723336813204,3832.7050890625633,-430.5818597039155,combined_emb,0,0,0,3.629751067650027,0.587122507282194,20.621520393395198
18,839.4610925677185,558.8483277935645,4481.22329474779,-280.612764774154,combined_emb,0,0,0,1.6955746987273814,0.304007608927775,12.6845822650259
19,942.3132301822568,439.5792377831391,5148.430737618878,-502.7339923991177,combined_emb,0,0,0,2.445715042095213,0.014965751336096208,17.7408372859271
20,673.065579095474,687.3987223846958,3751.149461332608,14.333143289221766,office_emb,0,0,0,2.3290554321532935,0.762327023664317,19.745758207229102
21,867.4418223765206,523.537952515842,4597.632246977935,-343.9038698606786,combined_emb,0,0,0,2.3753876847243816,0.26426968434557524,17.4097265663549
22,727.8945167647227,606.1069594560768,3584.9383226020436,-121.78755730864589,combined_emb,0,0,0,3.181790720484123,0.777462835476497,22.4675596793945
23,735.2456667078715,504.72231027478296,4191.363670640794,-230.5233564330885,combined_emb,0,0,0,2.5926634524851213,0.03961926126631043,21.725203738284097
24,641.2067414970063,408.5255820139635,3355.9321668839843,-232.6811594830428,combined_emb,0,0,0,2.8921059520230306,0.3844468312747221,23.724309268429998
25,512.0865978360425,607.0907151948155,2681.873675060135,95.00411735877299,office_emb,0,0,0,2.1386914610547754,0.868728387141043,22.218578781691498
26,569.5946177514606,462.7957772133524,3695.809275067564,-106.79884053810827,combined_emb,0,0,0,1.8774921845671715,0.2305709030706235,21.081646800538202
27,619.4888892586929,535.7828899776889,3116.61308469135,-83.70599928100398,combined_emb,0,0,0,2.5471612811734174,0.8158850083222328,20.7745801759672
28,700.5889721900242,465.97711157471014,3474.8718953720727,-234.61186061531401,combined_emb,0,0,0,2.465956659072136,0.3397605425057618,18.280313477324498
29,649.5688082281303,573.6725143006245,3285.184505949827,-75.89629392750578,combined_emb,0,0,0,2.953859549387971,0.8757922355374954,23.3030894298882
30,574.5356758789455,554.149823854429,3610.858166809445,-20.385852024516566,combined_emb,0,0,0,1.651495838333183,0.6031829816576062,17.8682659724158
31,836.5433453562441,488.09664433280153,4167.992425035315,-348.4467010234426,combined_emb,0,0,0,3.002948873978194,0.23484270888474448,20.9201926413885
32,712.8468360035984,635.995809228763,4067.8083229597105,-76.8510267748353,combined_emb,0,0,0,2.692477552167696,1.1207145804055878,22.7416068752867
33,708.6214532341327,482.1722155253307,3799.209647561574,-226.44923770880195,combined_emb,0,0,0,2.511894440810644,0.5638835744801702,20.1391310184505
34,640.3357636514713,555.5750340360553,4147.533660962207,-84.76072961541604,combined_emb,0,0,0,1.6818799112699474,0.3521891559830172,17.2975738173888
35,770.0153237326526,532.8555520841586,3783.8120393603735,-237.15977164849403,combined_emb,0,0,0,3.2398320911631227,0.09431162980983498,23.0209581895456
36,761.7745123876718,418.1027108941315,3612.9133848717283,-343.67180149354033,combined_emb,0,0,0,3.0085922925224966,0.14579081724714987,20.3319018215591
37,623.4580038267826,731.3174398882476,3289.090933710313,107.85943606146498,office_emb,0,0,0,2.0789519900680813,0.01883091018988854,18.763580128658997
38,1261.6476048589216,623.0116037280416,4735.250123710737,-638.63600113088,combined_emb,0,0,0,3.534775139455957,0.5085215825486679,16.352906732837898
39,602.8576740764756,444.2194617818646,3244.3379324042558,-158.63821229461104,combined_emb,0,0,0,1.9585105208601536,0.16821125893854835,17.5256876281445
40,897.0053425906073,546.07663657853,4127.987527452657,-350.9287060120772,combined_emb,0,0,0,2.9528457929609973,0.26220230078945217,18.3013623283372
41,648.0592636915267,428.0142671255858,4245.176598259412,-220.0449965659409,combined_emb,0,0,0,1.6156011263243049,0.21411601173968198,16.2264135338554
42,864.729154921235,488.07407846988525,4240.6399119602875,-376.65507645134977,combined_emb,0,0,0,2.833286492518566,0.3064915975393288,18.9949045802792
43,772.2634687900954,517.2574478544233,4282.2240321214795,-255.00602093567215,combined_emb,0,0,0,2.3323370604261524,0.3591747364471898,19.6693462048455
44,682.2173106013445,390.20838931826836,3004.9581795804074,-292.0089212830761,combined_emb,0,0,0,2.767211402975175,0.32485888684890146,19.1558443486189
45,583.4852601711377,565.4245095367528,3019.314595916357,-18.06075063438493,combined_emb,0,0,0,2.40099915502624,0.1930362087778731,20.3374481602962
46,722.8588724806402,479.3603080145726,4187.731039740847,-243.49856446606765,combined_emb,0,0,0,2.150146804555028,0.597408163387888,18.6026905320409
47,766.1462727900774,436.2117168316779,3785.1113804918546,-329.9345559583995,combined_emb,0,0,0,2.4921574381476197,0.25724828135985134,17.6410514145706
48,945.7489344112665,472.3806149520863,4342.522577739739,-473.3683194591802,combined_emb,0,0,0,3.037238062841772,0.0550013451427643,18.5709804500341
49,843.5339314099471,560.7994036648904,4536.730128152585,-282.73452774505665,combined_emb,0,0,0,2.216696502827726,0.24794068367636848,16.5418188899959
50,666.8822785917791,628.1927297879074,2629.5288690710786,-38.68954880387173,combined_emb,0,0,0,3.1964610880055093,0.34592735334007996,19.3302962424288
51,1060.6935490619142,571.6325633793917,4903.067436190161,-489.0609856825224,combined_emb,0,0,0,3.162162890485313,0.12724091327972928,19.1598465561269
52,655.7081767915147,634.5455897856723,3980.902963579201,-21.162587005842397,combined_emb,0,0,0,1.911583428283277,0.5396150063122209,17.6275781632006
53,654.4654560975916,611.7917194152411,3504.399200830218,-42.67373668235052,combined_emb,0,0,0,2.120409272536741,0.03919162868747042,17.961529771429102
54,623.6323345537324,669.441715298939,3618.9624520961247,45.80938074520657,office_emb,0,0,0,2.3426282322877463,0.04292877642084159,21.328204005114802
55,533.1996020361453,342.4278126127566,2635.3016432889394,-190.77178942338867,combined_emb,0,0,0,1.9303747999216754,0.2818095510828365,17.0015898414785
56,723.6542576219131,563.4257343104023,4405.506830699053,-160.2285233115108,combined_emb,0,0,0,2.165102849831986,0.3117024810626222,19.4124700846234
57,846.1907229957449,606.5301437529929,4655.522992108043,-239.66057924275196,combined_emb,0,0,0,2.772002958628974,0.8483699249833851,21.0116036934915
58,711.8264302963794,450.61390396609943,4061.9037017790915,-261.21252633027996,combined_emb,0,0,0,2.063535255348547,0.2724300880835512,18.0435144519458
59,661.4952484863677,478.9576595756832,3222.313324503339,-182.53758891068452,combined_emb,0,0,0,2.7684153874605397,0.08628453738974806,20.7571708690327
60,593.6097804821294,842.1500065354173,3735.813307844956,248.54022605328794,office_emb,0,0,0,1.8405517708525223,1.9802082182836376,19.406820034314602
61,773.3147687202112,635.3345681210056,3903.9657913950336,-137.98020059920555,combined_emb,0,0,0,2.3850620008546373,0.5149890919367303,17.6134307044186
62,831.4259116911941,426.31626588072646,3859.452670673614,-405.1096458104676,combined_emb,0,0,0,3.367709468117765,0.25280683692674977,22.0858868521095
63,705.2191445998071,502.03354161120444,3856.7031468308696,-203.18560298860268,combined_emb,0,0,0,2.0728600642828754,0.5563905789851783,17.4419065684157
64,721.3021788901785,568.6161606884823,3722.4599217266195,-152.68601820169624,combined_emb,0,0,0,2.0286734013970493,0.20974413674821327,15.281016068722499
65,675.6861713966692,370.6197564407019,3552.762522153966,-305.06641495596733,combined_emb,0,0,0,2.481539062150238,0.25950570846948756,20.3698144422211
66,586.7919567701427,358.5415467465208,3849.1931387491795,-228.25041002362195,combined_emb,0,0,0,1.7098992266638355,0.2268599022313141,18.5184198125843
67,828.0872569829035,439.87987259778595,4721.273571677304,-388.2073843851175,combined_emb,0,0,0,3.0072505570725987,0.47427970071930947,24.2148906531535
68,683.8838039193033,440.1192962807065,3516.1136240829496,-243.7645076385968,combined_emb,0,0,0,2.0913723278799696,0.05080426163443392,16.6882379889132
69,677.0296837413595,486.3440180328073,3903.5879497237593,-190.68566570855216,combined_emb,0,0,0,2.4055160472009707,0.2722551736060627,21.8593336539511
70,648.0541569482968,524.5408998916326,4370.518837652668,-123.5132570566642,combined_emb,0,0,0,1.7786864084962968,0.17411654448416078,18.667277350262
71,622.1256148586289,571.1033468560248,4320.0292173651815,-51.02226800260405,combined_emb,0,0,0,1.5297328843096698,0.6928567382453014,17.9245195824986
72,515.8587405338953,461.34698226274617,3182.981104812524,-54.511758271149176,combined_emb,0,0,0,1.864555318592185,0.2948992885386848,20.4857673123538
73,799.5548011745565,515.0399198475415,3232.2985156746054,-284.514881327015,combined_emb,0,0,0,3.2006108349415707,0.042048683462549086,18.3375620315206
74,616.2920445816262,442.3783927726098,3367.130550653992,-173.91365180901641,combined_emb,0,0,0,2.666710437033896,0.5314273073971489,22.525864994048398
75,543.4866384048763,559.2986500358613,3045.2249097157714,15.812011630985012,office_emb,0,0,0,1.8441069234804024,0.09762402318221942,18.0358816137941
76,649.8428647821394,472.32748664268183,3796.469694102855,-177.51537813945754,combined_emb,0,0,0,2.3795704225942873,0.40232556947278086,21.527018322557602
77,686.5035961493982,573.73964247634,3309.888201192324,-112.76395367305815,combined_emb,0,0,0,2.7474929806080994,0.021670822233364636,20.5033131149107
78,768.2931789045012,417.72304030425323,4488.51474496414,-350.570138600248,combined_emb,0,0,0,2.314079785085546,0.22858055709329408,19.6870413796586
79,659.5643380894276,403.3867148328095,3971.530482110902,-256.17762325661806,combined_emb,0,0,0,1.9448092331790483,0.22887427246859302,19.2288889493542
80,596.5187659443061,462.8024217073099,3503.394647275708,-133.71634423699618,combined_emb,0,0,0,2.0037260144400317,0.4593134277070114,20.345985987578302
81,680.093249473527,441.99573440210975,4067.669775266594,-238.0975150714172,combined_emb,0,0,0,2.0891852478049198,0.04320808421202558,19.060239112686997
82,695.4709676959731,645.0811266274459,3064.3438291254683,-50.389841068527176,combined_emb,0,0,0,3.1543154784455285,0.3115939229990746,20.5951675399393
83,802.3481107513919,433.33191772266554,3836.5441462895265,-369.0161930287264,combined_emb,0,0,0,3.1459521714449505,0.0939650195594155,21.273862422644502
84,912.5164469596141,428.0513238994024,4915.7837873831395,-484.4651230602117,combined_emb,0,0,0,2.215881818524333,0.4154385845915803,16.3028341381404
85,694.150815708495,432.64732711314724,3348.2633137369326,-261.50348859534773,combined_emb,0,0,0,2.5553989809106405,0.3139174800151987,18.756257895124698
86,738.6662369331717,513.7529852401531,3384.300212037333,-224.91325169301865,combined_emb,0,0,0,2.7477044618179067,0.9815524384575713,18.1796585283573
87,706.572726784206,415.13805305415974,3921.392685940725,-291.43467373004626,combined_emb,0,0,0,2.2391909581796834,0.4875565491286272,19.131435630895098
88,620.5889037320501,426.6846587982869,3241.2959382604145,-193.9042449337632,combined_emb,0,0,0,1.8953758314514715,0.08586435407562529,15.6323136245077
89,668.1809017272562,612.3554382784354,3114.340576777766,-55.82546344882087,combined_emb,0,0,0,3.0458843559969817,0.13177905256942174,21.7947167713143
90,639.7648060733057,408.4182431950615,3529.7641911069195,-231.34656287824424,combined_emb,0,0,0,2.6155720353533654,0.15935870589478843,23.7035570191799
91,641.715841441023,552.0283819908491,3614.53399828465,-89.68745945017395,combined_emb,0,0,0,1.9843126638288229,0.09927252045495778,17.4647602614345
92,1042.1343625848367,517.687467853628,4779.646639041347,-524.4468947312087,combined_emb,0,0,0,3.1756848218295137,0.2300561553737326,19.0935601147982
93,713.8621818391489,382.5540305017037,3946.112102702422,-331.30815133744517,combined_emb,0,0,0,2.5756196214614624,0.048190727427548374,21.9390930081599
94,638.1372943598583,501.4053036654,3652.6697532193343,-136.73199069445826,combined_emb,0,0,0,1.8634276785284305,0.151941473228829,17.2809496986074
95,746.069421016963,607.6892333413923,3406.1635115457066,-138.3801876755707,combined_emb,0,0,0,2.7790348152011792,0.38574682925620873,18.7587538651476
96,559.9907510273027,706.62262896584,2965.3445534826606,146.6318779385373,office_emb,0,0,0,1.8225224256495505,1.9031411279725459,16.5915805126143
97,732.5782517051849,442.58433020219053,3527.5305754492038,-289.9939215029944,combined_emb,0,0,0,3.252958141844851,0.3755395758809125,23.2334698618465
98,1154.1178142820131,640.902342220854,4749.836455699062,-513.2154720611591,combined_emb,0,0,0,3.1829103584541376,0.7385342453012655,16.6630966160522
99,666.5229486765177,387.1157292418594,4104.52453396237,-279.40721943465826,combined_emb,0,0,0,1.9843396608547055,0.10316127074911274,18.4509775250447
100,599.0319790781156,602.0182670391191,3783.8046613287947,2.9862879610035407,office_emb,0,0,0,1.6141302632874666,0.9349601534618452,17.7048647348208
101,779.4299509410762,470.82071602794065,3940.5397566943975,-308.60923491313554,combined_emb,0,0,0,2.807916760378124,0.16214501617007326,20.5160654272541
102,919.4569730633566,479.9246111746132,5426.562373686132,-439.5323618887434,combined_emb,0,0,0,2.856683192249419,0.27355058917781583,22.5011189172659
103,852.6822645366027,459.4505363307817,3766.0731899430116,-393.231728205821,combined_emb,0,0,0,3.411810908791987,0.4744669206789116,21.035170248713797
104,691.7353652469387,495.28134644816527,3747.735726790078,-196.45401879877346,combined_emb,0,0,0,2.5209848851867362,0.24075755926401865,20.3648058201472
105,779.7442552324244,559.0287578426753,4066.0461199011993,-220.7154973897491,combined_emb,0,0,0,2.480022823817615,0.43102527488177406,18.9416946101718
106,688.8507008253291,448.78638360037394,3803.0868767673987,-240.06431722495518,combined_emb,0,0,0,2.4169202237277623,0.3031721635557376,20.2633569129939
107,604.6478430742319,423.73396918234033,3693.6826737838223,-180.91387389189157,combined_emb,0,0,0,2.294550001497772,0.5443406807864972,22.3917522031618
108,737.1655338386931,362.1781651105981,3959.627770163023,-374.987368728095,combined_emb,0,0,0,2.686200215793854,0.059126015494979096,20.1102403927152
109,670.1472009150772,321.2040481488964,4498.906390830631,-348.9431527661808,combined_emb,0,0,0,1.873583913029077,0.0410461970725493,19.841650788390602
110,766.123113443005,596.1611958483784,3854.27296553391,-169.96191759462658,combined_emb,0,0,0,3.215365174060714,0.7435792949563308,23.9962239984138
111,598.8508461125879,438.15006648129486,4326.6427718616305,-160.70077963129302,combined_emb,0,0,0,1.7228930348988247,0.14398226205918702,20.545625564907798
112,765.3890695931815,484.37030691933666,3623.9842483660914,-281.01876267384483,combined_emb,0,0,0,2.544221179921162,0.5612370413262165,17.4455744659092
113,743.4680754845027,642.3864484220006,4241.821615707254,-101.0816270625021,combined_emb,0,0,0,2.232395054348053,0.42286019759675436,19.0196193053822
114,953.1632432965746,721.9096815123997,3494.617994375743,-231.25356178417485,combined_emb,0,0,0,3.9891021076061612,0.2582670176761792,19.4929090204588
115,826.5756361950075,638.6133601452624,4619.439362293318,-187.96227604974513,combined_emb,0,0,0,2.3619534031888776,0.2609778466580984,18.1006364536168
116,846.9777375760611,611.2643560474017,5387.352830439573,-235.7133815286594,combined_emb,0,0,0,2.3249292751412756,0.3069646941182652,21.0616408302396
117,829.6103282635929,698.9391839115475,4089.571878135182,-130.67114435204542,combined_emb,0,0,0,2.4693616143153148,0.004244199131771684,17.2046043699689
118,828.768053807147,362.25885587448977,4347.281602429502,-466.50919793265723,combined_emb,0,0,0,2.4607776224111664,0.18373072030388768,17.710070402281502
119,862.650269914203,568.237727809622,3793.5597334605072,-294.412542104581,combined_emb,0,0,0,3.288456781513558,0.039677490002622405,20.0074749574631
120,833.2644577554132,336.30567796182265,3785.136979724466,-496.95877979359057,combined_emb,0,0,0,3.0549485548661366,0.27902645164895734,19.1224360703115
121,756.9081658992009,489.6551792744826,3652.9038746809306,-267.2529866247183,combined_emb,0,0,0,2.3633701270889733,0.26736444372781837,16.6039839747563
122,684.6756764067941,397.70430432982187,3746.073348944892,-286.9713720769722,combined_emb,0,0,0,2.2000660704827,0.052104121737910174,18.4961512132876
123,840.7547749699079,561.6195518400044,3944.289444445012,-279.13522312990347,combined_emb,0,0,0,3.234055112505469,0.405986962911724,20.635056201716
124,763.8368899886884,376.7999351149663,4065.8318067100654,-387.03695487372215,combined_emb,0,0,0,2.5760807932424052,0.3266226938521299,19.601495528044502
125,604.769197112433,460.8915666206839,3179.208562962252,-143.87763049174907,combined_emb,0,0,0,2.3911809245350937,0.26184830762321026,20.3921739364174
126,648.3274052003962,555.0458569391477,3669.0115504610303,-93.28154826124853,combined_emb,0,0,0,1.9912554191610634,0.05582761334227661,18.076326862875
127,763.6351208160978,362.06863900860424,4625.193735332943,-401.5664818074936,combined_emb,0,0,0,2.2563492024715015,0.27208156698650904,19.5074598957669
128,882.2704422429393,479.93204468130847,4074.7762551372243,-402.33839756163087,combined_emb,0,0,0,2.9087187009173117,0.06322772525874347,18.3982139632433
129,656.2676038961143,401.0235458491776,3275.862754790721,-255.24405804693674,combined_emb,0,0,0,2.192625028939546,0.18936673960330871,17.1826948686913
130,824.1181185063173,422.13251488983553,4488.6446796164855,-401.98560361648174,combined_emb,0,0,0,2.6935923938141024,0.15092604492637557,21.007985321240202
131,580.5248804363414,773.0863363522254,3762.609258935082,192.56145591588404,office_emb,0,0,0,1.9374195784625914,0.25640177161063876,20.4635774023082
132,748.760546610454,550.1529768100703,3606.3775633355676,-198.60756980038366,combined_emb,0,0,0,3.4360984725772923,0.3537855543753842,24.267530573381602
133,712.6680145907668,773.970943656521,3021.222431717497,61.30292906575414,office_emb,0,0,0,2.9743237911211287,0.3451293955801359,19.6016580618066
134,602.9361048609318,558.5511765291122,3568.231027706876,-44.38492833181954,combined_emb,0,0,0,1.9472882860721688,0.9842510733669937,18.456336947747598
135,998.0662791567413,642.3740553597097,4603.440192089963,-355.6922237970316,combined_emb,0,0,0,2.905221491929986,0.376520405574511,17.8005429960219
136,898.3974736448454,651.3847988498067,3967.865189732216,-247.01267479503872,combined_emb,0,0,0,3.2538648282296587,0.963797569878868,19.650098496069802
137,602.5158662242668,401.0992905783633,3505.9748847526253,-201.4165756459035,combined_emb,0,0,0,1.6383724787795975,0.21962979041426953,15.987415136802001
138,573.2432295817221,534.6065592026952,3568.599325994386,-38.636670379026896,combined_emb,0,0,0,1.4872954746768576,0.4622579327456251,17.222837133647
139,910.0195884659978,349.56904690004444,3825.433431153331,-560.4505415659534,combined_emb,0,0,0,3.653813281678945,0.10621641859642131,20.4994816211872
140,875.0115760636237,500.63396177814684,5257.9185356729695,-374.37761428547685,combined_emb,0,0,0,2.586815112272062,0.32185970939475417,21.514785789732
141,670.8714106481234,606.5286007912135,3634.5031571429076,-64.34280985690987,combined_emb,0,0,0,2.7099419674349963,1.1232023226780419,22.6911223655922
142,817.0932358474909,405.1423673656108,4068.0992490474787,-411.95086848188004,combined_emb,0,0,0,2.217743312672027,0.08638048757460517,15.550862005374901
143,523.4927989063707,529.9747130503333,3567.4290076071793,6.481914143962626,office_emb,0,0,0,1.7657317360913458,0.34587978431613625,19.9344498838583
144,839.529160318075,468.5348282422748,3360.6173451259247,-370.99433207580023,combined_emb,0,0,0,3.4346374308155574,0.19402660638784613,19.6291719554593
145,810.7887130818017,627.5434550398058,4003.8222773733896,-183.24525804199584,combined_emb,0,0,0,2.717615601034796,0.44441748735320197,19.8451923447383
146,725.6680643546529,604.0234528788817,3276.3601187334775,-121.64461147577117,combined_emb,0,0,0,3.2145585621551307,1.0641077222117044,21.5243914474527
147,709.1970623086514,424.2300987599792,3724.269732953434,-284.9669635486722,combined_emb,0,0,0,2.7621017162465975,0.33197955680271096,21.4040005213181
148,712.9708297684494,431.08794904775294,4240.565474353666,-281.8828807206965,combined_emb,0,0,0,2.5900498952599844,0.3216056909932599,23.0623318325408
149,778.1678962167232,377.6957671886433,3455.7480719191453,-400.4721290280799,combined_emb,0,0,0,2.8331600064869513,0.18653291556581145,17.7359601105284
150,826.7018458507596,515.4932141423675,3135.0882556235465,-311.2086317083921,combined_emb,0,0,0,3.851782129841593,0.8259452692956974,21.1270132264304
151,621.4438462165301,714.3169778784519,3996.297854695596,92.87313166192178,office_emb,0,0,0,1.6095033410232342,0.14865302392983545,17.2531062959215
152,879.342181495771,552.7682919935551,4393.961964388913,-326.57388950221593,combined_emb,0,0,0,3.0041837069846395,0.18931577139056913,19.9487548300466
153,992.2629758435309,594.7614869707442,4226.75143695536,-397.5014888727867,combined_emb,0,0,0,3.371673295488742,0.18727165382358985,18.5800106757631
154,734.3482760263527,413.1970264311652,4093.014212992988,-321.15124959518744,combined_emb,0,0,0,1.8811864650043746,0.38500611388800143,15.7851179970168
155,915.0563271433934,442.3070205505824,4272.572107158159,-472.749306592811,combined_emb,0,0,0,3.4269466627148946,0.3600156824816066,21.970816517523
156,748.6288340071148,574.5116650316958,3355.1759141562893,-174.11716897541908,combined_emb,0,0,0,2.992296500878012,0.2815950686675711,19.8663569377034
157,670.4978911049316,560.7767085038685,3753.983153525309,-109.7211826010631,combined_emb,0,0,0,2.3326785875286573,0.04407454112853125,19.7615223117613
158,581.8795388929719,431.58628011571426,3500.7747075587927,-150.29325877725768,combined_emb,0,0,0,1.931819438105453,0.1157572029055286,19.9021890368248
159,757.6596633498409,510.36438131294216,3519.2079327560077,-247.29528203689875,combined_emb,0,0,0,2.5064301646661438,0.6472800380355533,18.2077211159042
160,601.5444692130436,402.9735431045268,2872.611905584908,-198.5709261085168,combined_emb,0,0,0,2.2652521373884924,0.4686242757246052,18.8393165423815
161,619.2841579556157,416.7110931803631,3841.7058190499256,-202.5730647752526,combined_emb,0,0,0,1.6457934206454887,0.21282103731143862,16.7174798251971
162,573.4967308443848,468.02137201465735,2961.544713318212,-105.4753588297275,combined_emb,0,0,0,2.244236965893445,0.696117938459523,19.704010520532602
163,678.1052677152937,406.25769228314476,3302.0774749141565,-271.847575432149,combined_emb,0,0,0,2.143312645246331,0.19489805876302085,15.724937867942199
164,917.1039701877763,478.1961477818344,3645.7121423529093,-438.90782240594194,combined_emb,0,0,0,3.6911902046956424,0.6343877882144737,19.669674035773898
165,668.1639507041987,436.72176720286757,3558.0056427808313,-231.4421835013311,combined_emb,0,0,0,2.0524546469297738,0.3459019440429655,17.3306831451342
166,656.0698765624784,531.9142600208479,4380.428369259314,-124.15561654163048,combined_emb,0,0,0,1.6903570655807678,0.292337503924788,17.993614718992397
167,568.4263961592094,649.6604046821925,2851.4508506171233,81.23400852298312,office_emb,0,0,0,2.3419719072109038,0.03225306245597392,19.7436739718059
168,706.9509063832903,618.752892077063,3876.3093344136355,-88.19801430622726,combined_emb,0,0,0,2.733942092366953,0.4632612295735056,22.8531040380234
169,706.6108664293988,441.6896828742283,2884.9875404791837,-264.9211835551705,combined_emb,0,0,0,3.2233919030657683,0.3412186087263222,19.846375508536898
170,707.8593862048158,586.1702708100122,3501.4197058299374,-121.6891153948036,combined_emb,0,0,0,2.736462861054526,0.5813024939269503,19.667779093812303
171,703.3105363298853,366.5628173369667,3276.4339265125186,-336.7477189929186,combined_emb,0,0,0,2.3063652117127735,0.007237201326644513,15.9538460057005
172,779.0350681541449,437.18629137311603,3846.6400327587726,-341.8487767810289,combined_emb,0,0,0,2.812715730978219,0.5294427000267058,19.6949607025132
173,618.6540540838062,400.5853932093642,3558.3865309409343,-218.06866087444195,combined_emb,0,0,0,1.9561862579328182,0.19230664235293937,17.8655072481106
174,902.8299927284663,416.77780268173245,4492.855506428944,-486.05219004673387,combined_emb,0,0,0,2.9587824675611083,0.17331868859344024,20.5782424722907
175,647.7870678145723,359.1388103724438,3746.411349219517,-288.6482574421285,combined_emb,0,0,0,2.014041755816871,0.23160631668890602,18.2424826675654
176,718.5374117033858,621.7620352859743,3128.046714459666,-96.77537641741151,combined_emb,0,0,0,2.791077083765807,0.8187431581874943,18.059928243193
177,667.0527477195847,746.8289170616057,3220.248939628877,79.77616934202103,office_emb,0,0,0,2.33939794013124,1.0495882998591817,17.0334496964784
178,646.2833032328825,793.9201678565764,3232.2230994464976,147.6368646236939,office_emb,0,0,0,2.1942625383399905,0.45662210672490905,17.8948532981884
179,652.3415230294772,533.2623204527753,3545.096939606157,-119.07920257670196,combined_emb,0,0,0,2.094207691435395,0.13120813229466274,17.504183969154802
180,1082.974486739116,352.1629880552223,5008.66360293252,-730.8114986838937,combined_emb,0,0,0,3.5779463062540944,0.19479227957110362,20.7241384306465
181,800.0642565146613,472.9083022368261,4405.51667059986,-327.15595427783524,combined_emb,0,0,0,2.644058510276246,0.176617783638991,20.3015758383281
182,754.4355481802041,584.2318851174751,3242.9679801533925,-170.203663062729,combined_emb,0,0,0,2.42617073074813,1.1072820851603105,15.4208631094211
183,691.7097842378373,442.9866781062343,3092.059812475786,-248.723106131603,combined_emb,0,0,0,2.4063683613053897,0.29724917366990633,15.8638346485647
184,671.4340540416354,491.8391362848373,4298.6587774540885,-179.59491775679805,combined_emb,0,0,0,1.6201227874568378,0.49002794420430307,15.9144722461712
185,681.6388444944711,398.42956891045304,4181.356755618966,-283.20927558401803,combined_emb,0,0,0,2.1246427511186883,0.31159664209763177,19.7531472436479
186,756.433198126144,519.1499444178255,3856.85192082118,-237.2832537083185,combined_emb,0,0,0,2.6731928391966653,0.3732041972510663,20.619968162544
187,577.3590825559843,506.58342104767513,3135.2492867725496,-70.77566150830916,combined_emb,0,0,0,2.189799976781362,0.23353409727259594,19.601570272881602
188,638.8242918603204,416.2973016362244,3204.5062709515196,-222.52699022409598,combined_emb,0,0,0,2.6884802080208496,0.16788487521121798,21.8634760699201
189,723.0366131748054,527.9767979083542,4167.311959565782,-195.0598152664512,combined_emb,0,0,0,2.3755743663621343,0.3589538736763128,20.618474033151703
190,679.6770639198826,587.5575549565137,2990.700206695426,-92.11950896336884,combined_emb,0,0,0,3.0832830635944144,0.6242202524917877,21.4780981995337
191,868.6469564143232,478.48645225960945,4150.043099207907,-390.16050415471375,combined_emb,0,0,0,2.78488946204178,0.20046752356282901,19.0316464640728
192,655.584156083722,407.07969028264586,4017.1312341157623,-248.5044658010761,combined_emb,0,0,0,1.6702269629533766,0.17360851292307924,16.0119584771684
193,733.1723881558676,501.4365545531664,3994.266085992739,-231.73583360270118,combined_emb,0,0,0,2.7996513370606,0.9674646071672763,22.3722111530038
194,577.399687312749,364.33888172141485,3094.3061959669394,-213.0608055913342,combined_emb,0,0,0,1.7420536959476323,0.38314886770518713,15.709318611250099
195,488.662895435491,538.2694914187782,2416.024555424343,49.60659598328721,office_emb,0,0,0,2.155816902987824,0.22182122578689656,21.2942120224469
196,784.2118166416551,639.4842499113231,4150.29342255396,-144.727566730332,combined_emb,0,0,0,2.4985645822656237,0.1383704405801625,19.07221332657
197,794.3661378873755,501.8768032920832,4591.5085692909,-292.48933459529235,combined_emb,0,0,0,2.3211784300079343,0.4797107920915891,19.1544480743466
198,512.9752012430123,619.3449271381061,2745.206441114435,106.36972589509378,office_emb,0,0,0,1.8474097985712414,0.2728139642876217,16.9632870704956
199,678.3787063861909,534.9397480095078,3469.658185377125,-143.4389583766831,combined_emb,0,0,0,2.5207223080716266,1.0080826965010374,19.6747474057183
200,732.9528252081867,715.4260964104831,3240.1460106822756,-17.52672879770364,combined_emb,0,0,0,2.47498947711438,0.4015091698155325,16.128414707208698
201,602.3487539569301,475.49163693398623,3235.729293432459,-126.85711702294384,combined_emb,0,0,0,2.494946390562298,0.21669080979159802,22.496879483519898
202,783.943441582909,568.9450219181462,3987.2243570147402,-214.99841966476288,combined_emb,0,0,0,2.429505907481763,0.5460613008730225,17.509414040060697
203,822.5835085734159,473.3439380358473,4365.656870984508,-349.23957053756857,combined_emb,0,0,0,2.4418119479071407,0.11170730704485136,18.051086318075097
204,688.4921712156452,430.8279190097142,3503.541035509379,-257.66425220593095,combined_emb,0,0,0,2.560553147127427,0.23065956206734115,19.6467878404322
205,490.3511441514894,317.0154656358222,3382.6154553259166,-173.3356785156672,combined_emb,0,0,0,1.5720967189108135,0.24932188890151907,19.6715597853153
206,749.6560653331999,597.8915826079929,3750.5898708532172,-151.76448272520702,combined_emb,0,0,0,3.2381666809850214,0.4435480072046141,24.2445982058464
207,614.1482143081124,477.0101914823434,3063.969712436186,-137.13802282576904,combined_emb,0,0,0,2.4541489733843878,0.2327727237428287,19.0101432944288
208,881.5239711368863,445.929679082328,3710.1126949028812,-435.5942920545583,combined_emb,0,0,0,3.488917109529505,0.031817450752272936,20.618550634231298
209,690.0023312938765,447.14872813738987,3761.3492579977064,-242.85360315648666,combined_emb,0,0,0,2.1830905228939637,0.17350957534485015,17.5646482926325
210,1070.2521865382314,671.6539762069203,4049.706899526269,-398.59821033131107,combined_emb,0,0,0,3.7598128302564517,0.37046500019653306,18.344525050833603
211,729.7436642065587,481.03157960180624,3131.4069261601885,-248.71208460475248,combined_emb,0,0,0,3.088294627478856,0.20300459699544013,19.5219992847508
212,686.6369026948502,686.0048111325723,3229.6202411689264,-0.6320915622778784,combined_emb,0,0,0,2.3112087099871452,0.7090492672358994,16.969852599840898
213,667.3458276453365,567.0961502616399,4395.679597460644,-100.24967738369662,combined_emb,0,0,0,1.5816097545400984,0.6445190874480526,16.3396722419068
214,685.8594328723577,358.2419755827509,3599.6281848126405,-327.6174572896068,combined_emb,0,0,0,2.4442082724778613,0.3665433359522702,19.5125812727858
215,759.7707320415434,647.6506784837532,3689.736591968467,-112.12005355779024,combined_emb,0,0,0,2.2585397984226088,0.5940430020591722,16.336767774321
216,859.4531750588988,416.8131262557732,4618.662491700293,-442.6400488031255,combined_emb,0,0,0,2.7292362694243657,0.20866188174400696,20.0419877143313
217,607.7680766022918,569.884364049948,2737.6621933869496,-37.88371255234381,combined_emb,0,0,0,2.0690747520341666,0.46580974698630623,15.1440819050867
218,835.1955515483867,601.9821126935963,3844.794102477525,-233.2134388547904,combined_emb,0,0,0,2.8572319293843003,0.2041287543376578,18.4495320675345
219,688.3268548404658,918.3329372026595,3997.8197573474667,230.00608236219375,office_emb,0,0,0,2.161053442099758,0.5710689483036117,18.6483093082472
220,871.41673899188,685.0510660313926,4573.605928663036,-186.36567296048747,combined_emb,0,0,0,2.491326890742024,0.4061696079507282,18.6268825443565
221,785.0122679364572,580.7228450926729,3613.823717758053,-204.28942284378434,combined_emb,0,0,0,2.7862017308871896,0.24940400607631544,18.2773971253187
222,709.4705802189427,519.4933478918065,4262.130624818847,-189.97723232713622,combined_emb,0,0,0,2.115989309272665,0.2240716007591539,19.149624535263698
223,707.2278876445538,375.8822920512113,3425.7180566456154,-331.34559559334247,combined_emb,0,0,0,2.5991968124610882,0.03055052191263782,18.8702193622469
224,1060.0319146195557,762.1853837951084,4792.66539243401,-297.8465308244473,combined_emb,0,0,0,2.8832238625339097,0.4769894608004516,16.7838572902149
225,515.10877003191,316.96685984310545,2873.7706290704105,-198.14191018880456,combined_emb,0,0,0,2.043693877797224,0.04738022475593726,19.9633230409106
226,585.9925229783719,511.55563595615627,3233.420126975377,-74.43688702221561,combined_emb,0,0,0,2.1550848549620136,0.5990506599177692,20.3132651494274
227,691.4459187747228,758.622019557829,3864.853942447639,67.17610078310622,office_emb,0,0,0,1.7984251744648103,0.6688423457517978,14.8896402877609
228,785.1796631161922,297.3145466446639,4145.646372242621,-487.86511647152827,combined_emb,0,0,0,2.319697908331967,0.0038138418465718618,17.2839960314189
229,634.7150899956124,527.3048080842613,3215.1432281098646,-107.41028191135115,combined_emb,0,0,0,2.4896443541142217,0.09679473356511355,19.6488377411232
230,674.5407135761677,577.7253190454244,3562.8588180637303,-96.81539453074333,combined_emb,0,0,0,2.557468709826559,0.10000394360325808,21.338609265096
231,638.7901923829431,404.61517558811073,3524.498677264334,-234.1750167948324,combined_emb,0,0,0,2.173934000222226,0.22809942015582524,18.726079893866597
232,734.9501909944812,648.5117142730463,3408.3850040289344,-86.43847672143488,combined_emb,0,0,0,2.3078394935520437,0.3684669799788815,16.2719288047173
233,836.7881215771846,515.2705362974561,4412.300164844253,-321.51758527972845,combined_emb,0,0,0,3.0756876235112807,0.004604284502219217,22.127146760031298
234,751.6575802078814,602.995315321351,3762.388988544359,-148.66226488653047,combined_emb,0,0,0,2.8286108458246857,1.3764832219908745,20.0020729355331
235,711.7484993306232,552.3494819862375,3571.742985384812,-159.3990173443857,combined_emb,0,0,0,3.39494664856168,0.10817114969125172,24.5608051516754
236,726.4887696510459,520.809014611873,3460.652841712464,-205.67975503917296,combined_emb,0,0,0,2.7414889393875916,0.2516962285238193,19.1132371555029
237,789.2977177209807,654.1989371165184,5139.931025539713,-135.09878060446226,combined_emb,0,0,0,1.9846332630126104,0.4854646210253097,18.972129853930703
238,618.6817133830068,523.5399680703053,4422.769776791965,-95.14174531270146,combined_emb,0,0,0,1.7592928263068903,0.3189689614788334,20.2887174492458
239,715.3557033948898,369.36451690304324,4014.1960889095035,-345.9911864918466,combined_emb,0,0,0,2.1886025471016386,0.04003211883439235,18.6123590975737
240,865.1925960414125,523.0250513119285,4174.424753188799,-342.167544729484,combined_emb,0,0,0,3.276888223982473,0.6259065822488465,22.0122985118246
241,778.5343153228374,448.0431596492299,4165.400098047273,-330.4911556736075,combined_emb,0,0,0,2.4095802394744164,0.1443604648145521,18.8659686954478
242,823.0983002135836,670.6741672597811,3812.294015035842,-152.42413295380243,combined_emb,0,0,0,2.5882022632857553,1.4173780584827251,17.941656256080798
243,723.173251528216,664.4056969927829,4029.8588157995136,-58.76755453543319,combined_emb,0,0,0,2.1170917938647555,0.3770445384978195,17.7841060806702
244,748.3738559740735,424.9446019289092,4074.0394792681554,-323.4292540451643,combined_emb,0,0,0,2.2850979408314895,0.028970225454227696,18.446928899664
245,655.526761069151,375.2410429087986,2772.51050004039,-280.2857181603524,combined_emb,0,0,0,2.8505219357294473,0.21609660286417487,18.703013558236
246,935.9577024320223,507.793099924782,3741.914473458628,-428.1646025072403,combined_emb,0,0,0,3.811259206274586,0.4383840395579381,21.1051232887788
247,498.95055950403804,376.3214037649386,2668.0447365818413,-122.62915573909942,combined_emb,0,0,0,1.6631593066517192,0.38515785205081055,17.5569587212131
248,701.776117799262,427.98271630069394,3585.310116920203,-273.7934014985681,combined_emb,0,0,0,2.3108428542554322,0.15329031786889943,17.7873862774466
249,770.7249056975421,456.4573982008214,3309.786948061372,-314.2675074967207,combined_emb,0,0,0,3.421090758809553,0.27445680609756906,21.6070121299047
250,717.8876202927229,631.7016797136156,3827.5469879670136,-86.1859405791073,combined_emb,0,0,0,1.957451732685713,0.19971869252081936,15.611392743238302
251,796.8711695470139,594.3511961439176,4143.57721302137,-202.5199734030963,combined_emb,0,0,0,2.8053815206231283,0.6484314977712866,21.181357668742
252,717.2923732709079,532.7622638283382,3436.0300774269413,-184.5301094425697,combined_emb,0,0,0,2.3588607501527195,0.2309842490135371,17.258821906945098
253,942.6671503898954,843.6592161283834,3651.26033131888,-99.00793426151199,combined_emb,0,0,0,3.563739910916138,0.36057173968605727,18.662099213646098
254,781.8253092165173,453.42354354605965,3689.8736030076493,-328.4017656704577,combined_emb,0,0,0,2.900287394073628,0.16858112489697524,19.3639799355439
255,710.9183607117317,725.4995861587677,3433.9009858158865,14.58122544703599,office_emb,0,0,0,2.4973479194626456,0.4252888693493048,18.3166217482698
256,748.2905495390887,608.0132939305411,4090.2106170319976,-140.27725560854765,combined_emb,0,0,0,2.4307422516890274,0.7615858272037175,19.248780400699697
257,812.2061075205596,513.6544974409429,4571.750052693412,-298.5516100796167,combined_emb,0,0,0,2.354764120195226,0.17999187316777546,18.5445372716532
258,917.889351336655,409.98613985723233,4282.979377170449,-507.9032114794226,combined_emb,0,0,0,3.125115000811964,0.3378756273915345,20.03302220337
259,739.6010064068051,540.1164362923606,5063.420974410704,-199.48457011444452,combined_emb,0,0,0,1.623440086209857,0.29874655041508036,16.1314966069367
260,685.4595275313336,413.36879226795935,3046.947566162596,-272.09073526337426,combined_emb,0,0,0,2.5111814576745903,0.5344466844316812,17.5291747250679
261,1003.6499560937415,457.09511874686325,5133.496346393425,-546.5548373468782,combined_emb,0,0,0,2.5788870100726533,0.024464507496641755,17.26577186121
262,847.166017908168,691.55013403961,3899.9763417567624,-155.61588386855794,combined_emb,0,0,0,3.3026632235616376,1.181576031509341,21.262345843491
263,705.8457826397754,547.7388075987683,3396.937597001952,-158.1069750410071,combined_emb,0,0,0,2.838855449307094,0.6722849918131247,20.3378955504151
264,739.6541994298478,428.2279185650443,3961.9568408450814,-311.4262808648035,combined_emb,0,0,0,2.083354188988899,0.17674889941924946,16.4892343754878
265,816.1875084317035,534.3965580873464,4491.099655534713,-281.79095034435704,combined_emb,0,0,0,2.5090348889215,0.30827080971720633,20.2341695391653
266,525.2197506532029,508.966063391798,2444.7785514771613,-16.253687261404934,combined_emb,0,0,0,2.1052623100785244,0.6895048808711486,18.1505259452851
267,754.3956448722156,500.15676170204955,3970.0192839657802,-254.23888317016605,combined_emb,0,0,0,2.66788625202125,0.41841127218731133,21.0377483686435
268,718.8242588432672,506.5120562650553,3548.374969541372,-212.3122025782119,combined_emb,0,0,0,2.675474966196569,0.6647464722944247,19.633633760729502
269,619.9464859874126,477.4978392268143,2665.453040824261,-142.44864676059836,combined_emb,0,0,0,2.8787850571609224,0.1316395098089265,20.4581727003839
270,599.0686932117126,452.3469167442631,3081.0623663917445,-146.72177646744944,combined_emb,0,0,0,2.1639770790867536,0.23635691995693345,17.801219398622898
271,802.8156650049642,658.656044094289,4586.6417235749595,-144.15962091067524,combined_emb,0,0,0,2.4008633572259717,0.8471783104516194,19.1907317776153
272,919.8090495360987,482.88344595598096,4192.049837215591,-436.9256035801177,combined_emb,0,0,0,3.4736311776959,0.07094056101071095,21.3995029196046
273,823.6121380001921,497.12995473156957,4026.4286236790017,-326.4821832686225,combined_emb,0,0,0,3.1300033181091687,0.014995332647793395,21.6235718237571
274,684.8297991340535,363.44424939553187,3619.440780564475,-321.3855497385216,combined_emb,0,0,0,2.770895209706702,0.10781472444663577,21.8441452340664
275,780.6378564735222,377.86596628038353,4180.084421211004,-402.7718901931387,combined_emb,0,0,0,1.9246034239927048,0.14875600284649457,15.216096529237
276,692.8192599074658,426.9660297799913,3794.3490150938537,-265.85323012747455,combined_emb,0,0,0,2.275861303022902,0.19948289416218581,18.8617196987188
277,626.0882118911139,458.56381822180845,3651.329341874128,-167.52439366930548,combined_emb,0,0,0,1.8079025465897298,0.6388511868792274,16.6462442352363
278,738.4238255029388,364.49592833674956,3201.4790250242863,-373.92789716618927,combined_emb,0,0,0,3.2938213734112463,0.15357794929868746,21.2711974361115
279,662.4400416409724,519.0443848557878,3607.0351889641806,-143.39565678518454,combined_emb,0,0,0,2.179938511618525,0.07550210844103775,19.1663758277151
280,545.7337924700532,486.07569944825855,2866.8525906687496,-59.658093021794684,combined_emb,0,0,0,2.5692486492764517,0.5113754309845394,22.6298028649087
281,562.4335483103347,500.72246251320485,3177.265395140908,-61.71108579712984,combined_emb,0,0,0,1.8731358573333479,0.13168256838026293,19.7263819380799
282,776.26570913311,434.7485833252585,4104.511107725239,-341.5171258078515,combined_emb,0,0,0,2.728191315857228,0.29818222669173683,21.428709322393598
283,741.6700455039271,585.2490268413666,3923.822720274147,-156.42101866256053,combined_emb,0,0,0,2.4416981026829716,0.8803759476888438,18.902701254059203
284,771.7184576771929,652.5141212111498,4847.901632712761,-119.20433646604306,combined_emb,0,0,0,2.2177635525507764,1.4183311975913147,19.832955752514902
285,656.1306367073447,403.1254457508252,2807.7659704867842,-253.00519095651953,combined_emb,0,0,0,2.744906200421739,0.0974817983380655,19.7455866760285
286,679.8886687792054,542.1754650653123,3604.978021689822,-137.7132037138931,combined_emb,0,0,0,1.996791138502213,0.3837914543714713,16.6599816126143
287,637.550333312035,562.8141149802956,3410.52165969928,-74.73621833173945,combined_emb,0,0,0,2.3288400134231058,0.9598235823483955,19.6593820230191
288,725.2258600222062,592.119154781837,3693.4821506908293,-133.10670524036925,combined_emb,0,0,0,2.4305696310793685,0.19079774844825412,18.491775256786703
289,1352.5793727055843,436.18311592449254,5821.289057259044,-916.3962567810918,combined_emb,0,0,0,3.949173821237658,0.3487155812095654,20.7877431045672
290,603.6919603117685,448.41184893097693,4121.852235099689,-155.2801113807916,combined_emb,0,0,0,1.6070183368637931,0.511231917406108,18.0866280256418
291,868.4415271331131,422.1681750236639,5174.958592814014,-446.27335210944926,combined_emb,0,0,0,2.27108447311354,0.1870819281471952,18.368351012587098
292,767.6219508536831,577.8546400363454,3841.194353847876,-189.76731081733772,combined_emb,0,0,0,2.7748808733922936,0.7374304548478031,19.6093779641133
293,744.0527545460168,513.1746890365308,3733.4738725724874,-230.87806550948596,combined_emb,0,0,0,2.598485086285486,0.1643054196678001,19.2944156387491
294,918.9879286605453,823.5889464339152,4708.597300830203,-95.3989822266301,combined_emb,0,0,0,3.351357965232087,0.7613015102565344,22.2404531009227
295,683.9764332110733,584.1228606130576,3875.4194626803755,-99.85357259801572,combined_emb,0,0,0,2.2090090726733043,0.6577142102028143,19.2535288778953
296,715.2836474597733,516.4559092847599,3577.7547186402385,-198.82773817501345,combined_emb,0,0,0,2.6558551076417327,0.12810696023908577,20.4530006024024
297,632.9917464182472,551.9654624840082,3628.944098810087,-81.02628393423902,combined_emb,0,0,0,2.067662855434955,0.8047932131784535,19.1913399455367
298,706.1084445295643,455.5914910852698,3055.0016699214793,-250.51695344429447,combined_emb,0,0,0,3.437680300620407,0.18666936646308893,22.5323816732833
299,972.711322178932,453.5374505931472,4781.819020916277,-519.1738715857848,combined_emb,0,0,0,2.9257340955733415,0.07764410537791057,19.227134185286502
300,789.0000801655417,425.7321417028861,3723.015983143495,-363.2679384626556,combined_emb,0,0,0,2.847425612119779,0.27546321859687417,19.3338468642985
301,767.9023403546474,615.0640143351902,3777.7278457660877,-152.8383260194572,combined_emb,0,0,0,2.7864331245248537,0.19428256427237917,19.832522405659198
302,641.7775704178798,374.55309090843457,3290.7122360255403,-267.22447950944525,combined_emb,0,0,0,2.383914834897606,0.2934643292039671,20.2851496038489
303,706.3204331097534,462.8448487139398,4129.467369496372,-243.47558439581354,combined_emb,0,0,0,2.2069038707693154,0.0026035363418532294,20.2147211777561
304,664.6158150835031,571.4632035520206,3332.9602402656947,-93.15261153148253,combined_emb,0,0,0,2.252347695422507,0.4609042519622374,17.2949333978993
305,881.5050130070481,524.8529303328577,4478.779073728757,-356.6520826741904,combined_emb,0,0,0,2.3057523826436555,0.20467794687248103,16.040929459809902
306,800.0789020462068,402.72148896287365,3904.3283423120242,-397.3574130833332,combined_emb,0,0,0,2.6381046972547453,0.04325795781131942,18.3051458358022
307,727.6355569415442,443.4080833333037,3404.217365035867,-284.22747360824053,combined_emb,0,0,0,2.092081899974313,0.08064734527674787,14.7735229686993
308,932.2456323826088,459.13216309504566,3685.9390383431182,-473.1134692875632,combined_emb,0,0,0,3.299459490134255,0.13263903847728292,17.2189032285779
309,913.8984402671435,370.4732899530976,4300.183495199787,-543.4251503140459,combined_emb,0,0,0,2.8351870968857553,0.09571794262682642,18.0245263196246
310,695.175756114737,462.66376563354066,3449.1441375894187,-232.5119904811964,combined_emb,0,0,0,2.7191788699254995,0.060783879903727175,19.7295217112369
311,663.1177812809485,558.3294617314461,3339.8876838304413,-104.78831954950238,combined_emb,0,0,0,2.3214744048863283,0.01726264321500432,18.1620464962803
312,802.6949769518644,400.6223926578192,4068.854460522739,-402.0725842940452,combined_emb,0,0,0,2.5366886783752034,0.34193322599081766,18.429217088663503
313,743.8389967846256,400.9022943581843,3425.5317711358794,-342.9367024264413,combined_emb,0,0,0,2.865617430912144,0.26447008159350477,19.1910230077184
314,802.3888557804786,482.9128259305078,4303.682298292714,-319.4760298499708,combined_emb,0,0,0,2.798884022595756,0.5110264039481321,21.5451488037899
315,784.5607980730086,590.6612139015431,4103.814075623075,-193.89958417146556,combined_emb,0,0,0,2.3986692287333664,0.5135834184848463,17.8804322459675
316,874.7531896622097,677.9914032160603,3643.6624943303636,-196.76178644614936,combined_emb,0,0,0,3.214472896100164,0.8705834344948119,18.585179878956502
317,722.4978225195293,415.07067134048907,3589.3703123152973,-307.42715117904027,combined_emb,0,0,0,2.3958714438350333,0.48673030597530453,18.6303977266743
318,793.8253705674668,524.8112177939757,4218.6437389376015,-269.0141527734911,combined_emb,0,0,0,2.0437509367593,0.08626134161806011,15.7240866662205
319,523.8782135308895,484.2857549776606,2950.2729320801304,-39.59245855322894,combined_emb,0,0,0,1.8031395313791156,0.056481375190359055,18.6525809971169
320,805.1602038027381,487.39497957733334,3975.1190570952995,-317.7652242254048,combined_emb,0,0,0,2.602207786745852,0.564240502038594,18.1087430394292
321,662.4498885826947,454.4256787008453,3168.975013837784,-208.0242098818494,combined_emb,0,0,0,2.4878062743209552,0.5155103681704112,18.852962837250303
322,913.2309138061955,728.8316153104811,3450.095410133902,-184.39929849571445,combined_emb,0,0,0,3.860393507528942,0.6812281122509566,20.157100492826498
323,944.5173375089614,609.4224634963755,4218.271302835394,-335.09487401258593,combined_emb,0,0,0,3.4078095126237935,0.30177670357971714,20.0606772781022
324,706.7055487816796,489.21316148059213,3464.7300019545496,-217.49238730108743,combined_emb,0,0,0,2.5426030119267002,0.1424124507722505,18.7042309162276
325,812.0512232156057,469.23031454486716,4028.513917469525,-342.8209086707385,combined_emb,0,0,0,2.7837983960341384,0.725071266449747,19.457805930686302
326,739.0518330828668,519.1462703693844,3653.8600984664454,-219.90556271348237,combined_emb,0,0,0,2.8365680935357585,0.30179411145497176,21.1359756471956
327,646.4855937305763,370.73105881587344,3657.485126218403,-275.75453491470284,combined_emb,0,0,0,2.1657216196753692,0.18182113269018704,19.4445999723023
328,588.8194030200651,563.47087376675,3146.7070280262765,-25.348529253315178,combined_emb,0,0,0,2.005000434734927,0.12040627513387897,17.7851911937978
329,839.7757465393167,600.3251870535976,4348.599782021464,-239.45055948571917,combined_emb,0,0,0,2.237834545174571,0.06627097930576699,16.4295393632591
330,503.15466106038116,640.2345267121646,3985.0344331836204,137.0798656517834,office_emb,0,0,0,1.252590433809944,0.609584093936884,19.279804640986
331,741.4616972412181,479.7785166094404,3229.968554699623,-261.6831806317777,combined_emb,0,0,0,3.2538466566191033,0.20506052938816755,20.4197851786053
332,635.8624380016397,442.21926575713167,3326.7055837156317,-193.64317224450804,combined_emb,0,0,0,2.48814938612257,0.5772068266382622,20.0114596256015
333,988.1767772231964,669.2898450953853,4555.150613561854,-318.88693212781106,combined_emb,0,0,0,3.130828908500478,0.1414691909524378,19.009251520171002
334,737.2624620704757,524.9823465811598,3500.6041417449615,-212.2801154893159,combined_emb,0,0,0,2.7270861767487267,0.300701048410406,19.073477054781698
335,710.2987514558383,428.59880508561565,3999.6450068382724,-281.6999463702227,combined_emb,0,0,0,2.2943964938868056,0.09995298188398162,18.6187688111994
336,863.3266237386844,406.3706532723993,4086.9203830214196,-456.95597046628507,combined_emb,0,0,0,2.7392151289062836,0.28012916419582556,18.1507432736862
337,589.4083461539758,422.9943797841457,3666.8858534452756,-166.41396636983012,combined_emb,0,0,0,2.4082886947761684,0.14059360040760038,25.0233909112874
338,703.3100192153296,489.4206455566903,3865.2299421428925,-213.88937365863927,combined_emb,0,0,0,2.533856270675467,0.06571501251231204,20.1988563025258
339,910.9235163834744,666.1325088230304,4138.306103962831,-244.79100756044397,combined_emb,0,0,0,3.5724727279241884,0.6871140974249081,22.191542162134
340,607.8237326116822,401.60518431063207,2934.4846412292673,-206.21854830105013,combined_emb,0,0,0,2.6013146738164807,0.09994473374849162,20.258196055441502
341,784.9470540389657,593.7160841305274,4362.145013379671,-191.23096990843828,combined_emb,0,0,0,2.495832890805646,0.1586151660757171,19.1189482985649
342,656.5251666653018,516.5068913569522,3066.8210631049933,-140.01827530834953,combined_emb,0,0,0,2.2305383392148195,0.565229836646215,16.6723907415244
343,555.9187421197031,460.9529799773337,3191.644349808023,-94.96576214236939,combined_emb,0,0,0,1.8823545748718626,0.4363389966858831,18.1387996360961
344,659.7846617813595,330.0360054828945,3849.089904793749,-329.74865629846505,combined_emb,0,0,0,2.2710060068047895,0.21472109424868438,20.7566347901307
345,713.0161906380221,584.8710441610256,4373.524897133228,-128.1451464769965,combined_emb,0,0,0,2.547301112706248,0.500493274962091,23.7507445828573
346,609.3360800927625,444.09174566846747,3812.863200584234,-165.244334424295,combined_emb,0,0,0,1.7003818437659783,0.06943012180673633,18.1574469203866
347,748.6590153728647,493.95465323106095,3411.1436197131325,-254.70436214180376,combined_emb,0,0,0,2.447354819448423,0.830339983142733,17.4131671327816
348,632.0862187971146,485.85288952823856,3284.946734047365,-146.23332926887605,combined_emb,0,0,0,2.321977626659457,0.12710710144778176,18.6545152674405
349,676.0563272088883,411.2326350503323,4275.103228261187,-264.823692158556,combined_emb,0,0,0,1.925185028372415,0.16985258807124334,18.717430967118702
350,692.9417011084519,458.43659893746064,4046.3324428146207,-234.50510217099122,combined_emb,0,0,0,1.806968144205777,0.11102654706656796,16.305144126198
351,674.3792024483334,623.3175716626035,3537.493091733468,-51.0616307857299,combined_emb,0,0,0,2.284512244840365,0.28013773648564194,18.7525526719233
352,669.880841974049,475.2369062640315,3520.55100889682,-194.64393571001744,combined_emb,0,0,0,2.4416503603694197,0.49131201891192655,20.0016884196862
353,505.75692737199535,929.1133546176216,2780.0108464658783,423.3564272456262,office_emb,0,0,0,1.7345574077220098,0.8026482654025994,17.698325237915103
354,776.5419002572264,528.9125073455688,4187.679436207204,-247.62939291165765,combined_emb,0,0,0,2.3657584878676396,0.18290346162753682,18.5909925878745
355,840.3642355194891,694.7219301308942,4036.4756641441286,-145.64230538859488,combined_emb,0,0,0,2.837964960908556,0.10273323696481965,18.9617763595494
356,770.5937130583466,592.285433954022,4330.24044126993,-178.30827910432458,combined_emb,0,0,0,2.332999382005102,0.05080941338503868,19.634841344037
357,853.4239319671365,577.6150774953949,4799.704860948054,-275.8088544717416,combined_emb,0,0,0,2.4158104141461756,0.6637883849388362,18.9285359892662
358,803.1694811736054,560.2926428025282,3574.2046665973367,-242.87683837107716,combined_emb,0,0,0,2.6093459572183964,0.7705588021632391,16.1202571440306
359,787.6057752553997,494.8238607588122,4463.223395922598,-292.78191449658755,combined_emb,0,0,0,2.609521848020191,0.21777978922738805,21.0907485275896
360,787.65545743239,358.60124925077685,4007.4459047118344,-429.05420818161315,combined_emb,0,0,0,2.3748761100071194,0.015520350453889263,17.595059067725
361,659.1544040085947,587.7499479214476,3973.533254257397,-71.40445608714708,combined_emb,0,0,0,2.3647032921112,1.3852086450254102,21.8670356499134
362,761.5165844907644,511.73359589688937,3891.229833350996,-249.78298859387507,combined_emb,0,0,0,2.264075182388038,0.2972676441337309,16.8386491694818
363,595.9312404376853,394.72012507077926,4144.923044374152,-201.21111536690609,combined_emb,0,0,0,1.668254554720986,0.07042873814795111,19.889281640879602
364,762.200122805665,462.1066830980418,3235.6285584595435,-300.09343970762325,combined_emb,0,0,0,2.9316660391982112,0.5528947538503312,18.6778829259116
365,599.1377108158779,741.1689451041935,4840.779897314343,142.03123428831566,office_emb,0,0,0,1.1858481524249547,0.1569244075693091,15.72466341788
366,759.5217885221932,568.3958401423896,3965.4815074913004,-191.12594837980362,combined_emb,0,0,0,2.191168318779232,0.4264650685514708,17.4069891770525
367,692.7808212902825,646.0995264124814,3743.716685453182,-46.681294877801065,combined_emb,0,0,0,2.6585607788567334,0.03824789156766287,22.392332429654
368,709.5164298666796,727.536513573138,3700.1383393975752,18.020083706458422,office_emb,0,0,0,2.3031492491761267,0.18994334845771432,18.2958345671187
369,1025.3022888989037,771.4280674849961,3986.492547088798,-253.87422141390766,combined_emb,0,0,0,3.7921384469956667,0.42989910221979805,19.4866539856002
370,512.6199203315183,527.5843385510087,2750.0807839963195,14.964418219490426,office_emb,0,0,0,1.7658409132690087,0.892908475645388,18.3773996349357
371,754.0356716709274,636.9260964043008,3924.914041509127,-117.10957526662662,combined_emb,0,0,0,2.279115859699676,0.3480706349620307,17.093091238804302
372,716.6695612390406,410.95858149173756,4263.093309428871,-305.71097974730304,combined_emb,0,0,0,2.259740131776136,0.2290734672438114,20.099600005976498
373,664.2495801032578,443.7631099634506,3429.7415522957253,-220.48647013980724,combined_emb,0,0,0,2.0359008337419358,0.17389895237434425,17.421618255374902
374,663.221938076846,542.2815612763641,3910.1005897782047,-120.94037680048189,combined_emb,0,0,0,2.1488144085696153,0.42153626939210637,20.0457091053744
375,755.5397437466386,469.2816637129533,3891.8918208801497,-286.2580800336853,combined_emb,0,0,0,2.728874631769868,0.18483043551895184,20.6421759258353
376,622.2129799724974,490.36387299636624,3097.001433699924,-131.8491069761311,combined_emb,0,0,0,2.288334589984848,0.8988847508226947,18.0598901397689
377,944.3568712094793,838.9107116914863,4632.774823737856,-105.44615951799301,combined_emb,0,0,0,3.285409974713058,1.6838339330316487,21.141948641801402
378,534.792755335652,503.34329413748287,3252.0264522868138,-31.44946119816916,combined_emb,0,0,0,2.3815225264063797,0.3087237036104603,24.854740920861403
379,660.9909901429207,389.3307835072232,3281.8206102936174,-271.66020663569753,combined_emb,0,0,0,2.275413886409747,0.07690406774999474,16.9341782763655
380,612.9288414843717,368.1819927812453,4439.868056488276,-244.74684870312637,combined_emb,0,0,0,1.4761075442445222,0.11123508839250397,17.8054227581194
381,902.6588571828461,355.7367508148906,4170.851347395431,-546.9221063679554,combined_emb,0,0,0,3.074542442526715,0.06810815878474566,18.9039771472525
382,671.4053861236439,485.61615809917544,3179.0703987507486,-185.78922802446846,combined_emb,0,0,0,2.5479197974920385,0.09845924962025068,18.9055318528168
383,743.4589752539275,358.1092689761823,3552.4439586083267,-385.3497062777452,combined_emb,0,0,0,3.208383839825364,0.3842627386921341,22.191273399756398
384,938.9704359966303,511.9051711390953,5628.464441575413,-427.065264857535,combined_emb,0,0,0,2.040793100643004,0.4173240804666619,16.279617795941203
385,750.0681960676354,605.2498028038477,4289.703951485359,-144.8183932637877,combined_emb,0,0,0,1.9992432534829876,0.07631836133780211,16.547092492453
386,853.8031944536967,539.1974797918789,4265.612739499128,-314.60571466181784,combined_emb,0,0,0,2.5477530871304968,0.14925013770105836,18.167602929027403
387,726.2951326624708,655.6330490765775,3652.2489977012,-70.66208358589324,combined_emb,0,0,0,2.639482712375713,0.28827206216502793,20.7577319132393
388,661.4979485837199,394.99986488627025,3476.6732902302683,-266.49808369744966,combined_emb,0,0,0,2.684519042793802,0.046199547024005805,22.0728702106617
389,699.5090063483324,454.6783964652398,3451.803358319081,-244.83060988309256,combined_emb,0,0,0,2.265615512068317,0.6091444845453508,16.8365749391685
390,661.1725217765579,765.6724313554034,3423.344075520528,104.49990957884552,office_emb,0,0,0,2.2312930431977613,1.1852064619965306,19.0646883465449
391,843.6527952734748,563.9796784067601,3877.884145028395,-279.67311686671474,combined_emb,0,0,0,3.0931740327720725,0.13031235039220795,19.8405177810391
392,905.1984884904878,449.7937638398405,3953.5742298657538,-455.40472465064727,combined_emb,0,0,0,3.037387907726793,0.004886662374492171,18.1559613420755
393,738.3631834044886,422.0406725038492,3957.8912981194817,-316.32251090063943,combined_emb,0,0,0,2.170814408420943,0.16416319735213364,18.016433104121
394,862.7810087422226,623.677264086062,3965.6873941995527,-239.10374465616064,combined_emb,0,0,0,3.024396778905814,0.8505445774473476,19.2273787179628
395,815.6896788487363,474.94277928440226,4950.6846859395055,-340.74689956433406,combined_emb,0,0,0,2.061083487715669,0.3968571058323701,18.0854791033461
396,661.1255740118895,469.3480208975201,3356.2118261731575,-191.77755311436943,combined_emb,0,0,0,2.277369925127052,0.35147943663411113,17.923730205952502
397,724.1476523361018,366.6812147128556,4342.52269508056,-357.46643762324624,combined_emb,0,0,0,2.0983229689144656,0.1516051610668045,19.189464169855402
398,630.3129750237238,434.86713699430777,3938.9731601253075,-195.445838029416,combined_emb,0,0,0,1.7417289200991901,0.04742422356273991,18.3835154077978
399,1014.2300501263761,377.0168065242468,4949.7882490896645,-637.2132436021293,combined_emb,0,0,0,2.971938080923927,0.24266844834083956,19.1636309007643
400,885.4731278737127,481.22143594971504,4727.376366540165,-404.2516919239976,combined_emb,0,0,0,3.0223767143261795,0.1774795699182158,21.793712741637503
401,930.8358972292547,362.4863457382932,3808.5544527463076,-568.3495514909614,combined_emb,0,0,0,3.6051470939433137,0.02540254535159155,19.8331903171961
402,856.9773996068656,644.717621786131,4558.54676825483,-212.2597778207346,combined_emb,0,0,0,2.5156876538260944,0.05041451337182673,18.2162066950278
403,693.8274646461839,617.9132204486831,4217.970647246403,-75.9142441975008,combined_emb,0,0,0,1.6979332175157344,0.32005783827973827,15.339203066041799
404,778.7345496380213,573.4296047901383,4641.915014313155,-205.304944847883,combined_emb,0,0,0,2.253178958464556,0.26163469309452325,18.9923327959759
405,1111.4288074102578,594.9680399930282,4800.732503620221,-516.4607674172296,combined_emb,0,0,0,3.773447925277659,0.022045745728717474,20.8534216453912
406,698.4576172739181,458.40597834919697,4177.451539852891,-240.05163892472115,combined_emb,0,0,0,2.3063999394170094,0.129373551783008,20.8277617969631
407,729.1415389539826,659.7678557682103,3351.2000455971875,-69.37368318577228,combined_emb,0,0,0,2.8088426368256307,0.06807667336405633,18.4677414272342
408,845.516968071891,464.6332182435138,3646.081062283092,-380.88374982837723,combined_emb,0,0,0,3.150768149698855,0.36482255629453714,18.966159589251
409,798.1695992428562,645.0454948455051,4076.341009321255,-153.12410439735106,combined_emb,0,0,0,2.206344476021806,1.0426522572376093,16.2089241229727
410,872.0278065163645,624.5871945420768,3699.327825618033,-247.44061197428778,combined_emb,0,0,0,3.7233913902937283,0.2264607847911221,21.5648265211784
411,906.7291196785934,534.4357355481781,3756.8940400413526,-372.29338413041535,combined_emb,0,0,0,3.2912259361896483,0.3078865384630969,18.497114610734297
412,914.9120710802972,627.303507511992,3719.065851208392,-287.60856356830516,combined_emb,0,0,0,3.7366998579104536,1.102901839019479,20.4326156248132
413,737.2568007243342,461.6195428123044,4715.911990158853,-275.6372579120298,combined_emb,0,0,0,1.9237523894798352,0.15416918006842667,18.848260612156
414,494.84028084921965,332.31308631741547,3332.0720991213225,-162.52719453180418,combined_emb,0,0,0,1.2882348414720797,0.12775483525583492,17.0001669194449
415,786.3962491449815,475.7367545761386,3751.6970065551604,-310.65949456884294,combined_emb,0,0,0,2.9350327633120443,0.3419175992729908,20.1876431093497
416,604.3890619696956,296.7597964079887,3635.2108205850523,-307.6292655617069,combined_emb,0,0,0,1.9887179428749922,0.1416132547541137,19.0791996532602
417,708.8000984933477,579.5727946919641,3356.4134040296644,-129.22730380138364,combined_emb,0,0,0,3.43270807725387,0.7253197855470126,24.1810125414545
418,702.1542400697565,463.08489842379856,3433.8214573947084,-239.06934164595793,combined_emb,0,0,0,2.8553778238545795,0.5411974018199622,21.386605000336697
419,576.1538843160147,486.5863581057723,3647.2538594782495,-89.56752621024236,combined_emb,0,0,0,1.8063906785844286,0.2862000885654487,20.2479114159241
420,654.5798032567122,371.3077469017436,3995.2930477342734,-283.27205635496864,combined_emb,0,0,0,2.327823976598755,0.27587067746292454,21.6389032432139
421,554.8962019088242,424.3456192087588,3377.6183284188887,-130.55058270006538,combined_emb,0,0,0,1.7683449792878618,0.32650039276278925,18.6392989683804
422,846.9469971210273,567.4512582483333,4181.709757514423,-279.495738872694,combined_emb,0,0,0,3.023851974911927,0.48952790902296195,21.0771243941029
423,662.2283134872773,681.7081740060115,4791.684284914931,19.4798605187342,office_emb,0,0,0,1.823481510561801,0.4496258156115055,20.6681692459585
424,718.7008186181532,318.69485060743716,3627.799038149877,-400.00596801071606,combined_emb,0,0,0,3.0203606303969273,0.33675227186782275,22.398673854327498
425,694.1497774999391,412.89139915822386,4591.907052869574,-281.25837834171523,combined_emb,0,0,0,2.0973494441604665,0.12919317625402663,20.564613763047202
426,641.825191681455,582.1369859735923,4127.025812393361,-59.68820570786261,combined_emb,0,0,0,2.2059441582752,1.2080376370276489,21.5681293071337
427,748.9214289462105,473.62934078183196,3790.5851754292657,-275.2920881643786,combined_emb,0,0,0,2.6243401494308216,0.23830751717511958,20.0753502587027
428,620.9775204685129,696.129635851526,3564.963547427615,75.1521153830131,office_emb,0,0,0,2.232823181024682,0.36377099403778695,20.3233834794451
429,568.2598907417376,963.9623920271727,3773.4082964238155,395.702501285435,office_emb,0,0,0,1.8854291796648706,0.32166871418660486,20.775427309889302
430,667.3994505796775,557.3224349566656,3512.131168207225,-110.0770156230119,combined_emb,0,0,0,2.599916226275663,0.6245526465584076,20.9498073055398
431,666.9998731095756,337.01912502919373,3712.5770739283444,-329.98074808038183,combined_emb,0,0,0,2.307762196300971,0.2855782326542792,19.4347807491419
432,885.4575149733502,350.1255851253994,4223.912056076464,-535.3319298479507,combined_emb,0,0,0,3.1264415226932094,0.08913794939578441,20.4009771349869
433,731.3945772684735,596.920896618635,3749.591438939156,-134.47368064983857,combined_emb,0,0,0,2.3327081206409828,0.4856757884433621,18.2379852547389
434,708.2814102777247,406.2389739137473,4246.045212872611,-302.0424363639774,combined_emb,0,0,0,2.5204469565526275,0.05927239103352179,21.7999470324783
435,628.4733864616295,889.3052543870243,3200.1691158438484,260.8318679253948,office_emb,0,0,0,2.5045581402561266,0.5587206155830985,20.7676465004341
436,794.3238259681963,491.35082789279255,3751.0379703449694,-302.9729980754037,combined_emb,0,0,0,2.83069562391704,0.31647312238629666,18.8835037012088
437,861.8646577005796,493.5094174732511,3755.899120581403,-368.3552402273285,combined_emb,0,0,0,2.7493517896914246,0.36768991344250146,16.4230379416453
438,748.9081727748181,469.71008049451126,4221.915376083399,-279.19809228030687,combined_emb,0,0,0,2.3964069120786253,0.18157402669813769,19.188631313022597
439,679.5358953897056,468.4093573549349,3038.618727780394,-211.1265380347707,combined_emb,0,0,0,2.9917196163913657,0.03213586301800848,20.9679218600838
440,629.0627525524288,533.4862837261435,3512.452849965098,-95.57646882628535,combined_emb,0,0,0,2.3254203585534707,0.11608486515700531,19.6476556957016
441,934.1618757012283,560.6230947458785,4539.8392422947545,-373.5387809553498,combined_emb,0,0,0,2.4955048172801835,0.7337757610992255,16.1728035530344
442,1106.8424206257664,463.5190224230935,4928.7506064261115,-643.3233982026729,combined_emb,0,0,0,3.3339677139898347,0.177263858792629,19.1805891499807
443,702.3220070054277,524.4199592806019,3019.084723483161,-177.90204772482582,combined_emb,0,0,0,3.228657459891515,0.15109902297520666,20.6448519193197
444,603.5994894785345,424.05989691660807,3700.553858310584,-179.53959256192638,combined_emb,0,0,0,1.7692304063608753,0.1949069107650587,18.2272747346653
445,962.0055518699685,324.3941382988212,4843.476902669294,-637.6114135711473,combined_emb,0,0,0,2.4654041715234984,0.05867484004565308,16.6119615956015
446,650.6233864171923,328.2443904402589,3817.7611381969273,-322.37899597693337,combined_emb,0,0,0,2.065572924496613,0.1554118070960962,18.7808642126895
447,808.4607202626921,682.9398898508338,4602.598711418982,-125.52083041185836,combined_emb,0,0,0,2.4998339642402025,0.5035923018158527,20.3005740131233
448,706.4691342257297,497.33848408244154,4477.015992141703,-209.13065014328816,combined_emb,0,0,0,1.7379965194043954,0.09846674876322059,16.3061717890354
449,756.2479613781118,445.03784731396286,3862.4004419035655,-311.2101140641489,combined_emb,0,0,0,2.872770668184048,0.022975483522178358,21.2363436527364
450,548.8059303891267,377.22600921402744,3170.4375903685086,-171.5799211750993,combined_emb,0,0,0,1.6379487394454055,0.24097726567042904,16.5595173424529
451,686.5696486859075,533.6611629337243,4021.6221510772034,-152.9084857521832,combined_emb,0,0,0,2.0541338668369447,0.4763680858620837,18.7877402373481
452,781.4862769614876,596.1911514834048,3621.71893885334,-185.2951254780828,combined_emb,0,0,0,2.54908219048751,0.3975624920311344,17.3616789037465
453,611.5628824924449,490.44891166727194,3148.770916184317,-121.113970825173,combined_emb,0,0,0,2.3168291475396714,0.04063419623011306,19.762786398041797
454,801.4411451673819,451.72994645173156,3384.982943308996,-349.71119871565037,combined_emb,0,0,0,2.8746135068673166,0.24003143067554156,17.4098522265313
455,615.1577357097907,367.3097093475226,3772.0165075249315,-247.84802636226812,combined_emb,0,0,0,2.3497855097012343,0.3017354906546185,23.188001686701
456,985.0082553820973,611.0652347722277,5225.632205169385,-373.9430206098697,combined_emb,0,0,0,2.8009709162710417,0.28816777473173255,19.172830490825
457,753.9918769953911,614.3973912287175,3912.803586383323,-139.59448576667353,combined_emb,0,0,0,2.5522753081112604,0.9130169497381921,19.7671344077615
458,580.0646768719828,610.0014640652616,3742.949384513805,29.93678719327886,office_emb,0,0,0,1.3291977427337882,0.23746125755227782,15.0461148105131
459,1170.1265628418732,435.7545763699475,4531.088067013827,-734.3719864719258,combined_emb,0,0,0,3.662846160954585,0.1111647954284899,18.3195152167604
460,798.1857378946645,459.3326559929315,3218.0669067762938,-338.853081901733,combined_emb,0,0,0,3.8035767970890713,0.385770276360972,21.6381825692673
461,762.7657168802816,425.41646019571056,3429.8405891107036,-337.34925668457106,combined_emb,0,0,0,2.923321000360029,0.18350662533838405,18.8171432185405
462,848.9070731870414,448.9926679240041,4186.533516688243,-399.91440526303734,combined_emb,0,0,0,3.166279144236721,0.6833987999258662,21.134500117971097
463,663.937020279142,833.8358029575688,3929.1524529043295,169.89878267842687,office_emb,0,0,0,1.9664578153337888,0.9548151355538421,17.965062306380002
464,648.8376385604151,452.07757928048323,4500.517014298221,-196.7600592799319,combined_emb,0,0,0,1.6877507146862962,0.11082135080342616,19.6247962165868
465,522.9658561205791,600.9037888230721,3393.4872791314187,77.93793270249296,office_emb,0,0,0,1.4726767546969104,0.2951599088271933,17.8455530691671
466,733.6917610804371,692.3783924028481,3900.6505566246537,-41.31336867758898,combined_emb,0,0,0,2.835377759337169,0.49066340272852804,21.904594129469398
467,862.9880496310868,569.6351565633983,3452.1907365854504,-293.35289306768857,combined_emb,0,0,0,3.3365530253060998,0.14976292181386672,18.686530377247102
468,825.6235341376675,619.9927952297378,3914.5134724738136,-205.63073890792975,combined_emb,0,0,0,2.6663062988741104,0.5268105796861249,17.745476651061
469,595.044721280799,463.35792931537173,3353.6166268216098,-131.68679196542723,combined_emb,0,0,0,2.336760584658388,0.5861829965171,21.8316103564623
470,996.4483309055233,395.0739221461376,3950.0624210207125,-601.3744087593857,combined_emb,0,0,0,3.227451032324558,0.08341581781962475,16.7275142431027
471,795.565032293515,371.51147930097954,3605.4036959974765,-424.0535529925354,combined_emb,0,0,0,2.832660216245247,0.2246514826391893,17.7560574666545
472,627.567282788382,401.41912968517306,3690.9153741710134,-226.14815310320898,combined_emb,0,0,0,2.342792653133012,0.1573020994592716,22.5201482048165
473,575.8023298212485,392.46492483593516,3269.4377070949245,-183.3374049853133,combined_emb,0,0,0,2.1294505109541912,0.13875693355670868,21.0086737870804
474,659.8409200207632,487.274685364905,3946.0910357283096,-172.56623465585818,combined_emb,0,0,0,2.3147808222332955,0.5173452198357259,21.961677553457
475,661.2397455071628,665.0661349499103,4241.485230709703,3.8263894427475407,office_emb,0,0,0,1.9171958976147567,0.6485998678228311,18.2525919103511
476,673.8322608129299,586.1255820195089,3902.143987974088,-87.70667879342102,combined_emb,0,0,0,1.9567245230858017,0.11041701462898042,17.5962826735651
477,730.0029659522074,387.85360713021595,4036.5186678070795,-342.1493588219915,combined_emb,0,0,0,2.7205715549425653,0.12983207133866947,21.6797220177596
478,752.2716234089826,485.2018526307711,3558.305751266035,-267.0697707782115,combined_emb,0,0,0,2.6988654666794845,0.22064753143732013,18.7558481041197
479,595.6451520625807,442.63821702682515,3705.5552405045837,-153.00693503575553,combined_emb,0,0,0,1.7043808595420251,0.17897666062636913,18.519333000276703
480,764.9579896384831,501.3382823043306,3314.2804411105476,-263.6197073341525,combined_emb,0,0,0,3.3122188906779284,0.9606077691560083,21.252763065171603
481,685.803188663584,574.1381584508625,3654.443642701884,-111.66503021272149,combined_emb,0,0,0,2.4709480115587943,0.2449765024621311,20.2938730664569
482,635.8338408224797,390.0821270395417,3498.525635138399,-245.751713782938,combined_emb,0,0,0,2.3430702140367634,0.17237291203837996,20.220603342077098
483,660.6283557886575,904.1742704718558,3391.444076993334,243.54591468319836,office_emb,0,0,0,2.061895197406307,0.08707218570685323,16.9622602432178
484,827.9220754402816,608.7533487957112,4389.839258504597,-219.16872664457037,combined_emb,0,0,0,2.568228386425679,0.40860091053470127,19.2441535995398
485,753.9761720116461,429.2192786031973,4369.353963845982,-324.7568934084488,combined_emb,0,0,0,2.0350878671032557,0.055374327209388535,17.512186982983902
486,714.3610282194267,653.370514458031,4733.857668327165,-60.99051376139562,combined_emb,0,0,0,1.911746650163894,0.5644756852197211,18.827739919861802
487,713.4311454087454,463.3083664131607,3931.6151836457184,-250.12277899558467,combined_emb,0,0,0,2.423991012529656,0.10362649134357395,19.4944125040827
488,644.706769785548,449.8221346129133,3435.9962528370393,-194.88463517263466,combined_emb,0,0,0,2.371219771824612,0.24445921257611494,19.941841377086202
489,905.7706151715181,405.54540284921296,3959.395562846518,-500.22521232230514,combined_emb,0,0,0,2.456627258301057,0.2819749661270771,15.067476355202201
490,667.5719215092817,676.3512175583674,3518.028023636197,8.779296049085701,office_emb,0,0,0,2.2444712827887776,1.0276757185963221,18.466751722822
491,679.01108165896,464.75303013116076,3183.41772200776,-214.2580515277993,combined_emb,0,0,0,2.66780814724882,0.0927585275623765,19.6228104830668
492,786.8993280158282,443.76587413259074,5295.669632628222,-343.1334538832375,combined_emb,0,0,0,1.5883394774355724,0.013005311870713805,15.1616922262575
493,613.6019922227927,499.06513839742263,3432.1175415375023,-114.53685382537003,combined_emb,0,0,0,2.10476960104435,0.2571473880571018,19.9879527818321
494,675.7926445272047,564.9328950800907,4467.267848265391,-110.85974944711404,combined_emb,0,0,0,1.8738931337863804,0.7271769800198647,19.1736558604306
495,759.9790299320305,397.13801883347503,3829.417900249602,-362.84101109855544,combined_emb,0,0,0,2.328775085728084,0.10314504693251834,17.5226545958846
496,749.7859162989236,669.1899112473212,4181.470273323002,-80.59600505160233,combined_emb,0,0,0,2.0890826799072317,0.5034178982819588,18.0006219765626
497,856.1524125740243,712.2408718017649,3561.734780708218,-143.9115407722594,combined_emb,0,0,0,3.323788511388562,0.4402485810613813,19.15461741524
498,516.5715353271711,379.11168724709637,3489.4295474270257,-137.45984808007472,combined_emb,0,0,0,1.4858499166750858,0.19325025369172097,18.6485307486453
499,695.9373069877189,679.4692044400279,3348.877170783826,-16.468102547691046,combined_emb,0,0,0,2.5722914391939202,0.3004200703432698,18.5564123288369
500,803.5872669849202,574.3188559063942,4140.124368123746,-229.26841107852601,combined_emb,0,0,0,2.2171255197893474,0.06618072646270574,16.616949757954398
501,647.4478006676799,482.34270789839485,4190.03072487364,-165.10509276928502,combined_emb,0,0,0,2.0072879959551027,0.7453448259008213,20.8159226258085
502,679.8129940217007,533.2499041709492,3860.3373233557927,-146.56308985075145,combined_emb,0,0,0,2.157739818510924,0.420819498120225,17.9354903804533
503,684.9640067129211,422.85837972547824,3447.9211290615985,-262.10562698744286,combined_emb,0,0,0,2.1072970993813636,0.25681769202154275,16.456185638166602
504,697.8279086839199,554.5522518010255,4053.686807522471,-143.2756568828944,combined_emb,0,0,0,2.804041385595241,0.4290985733344131,24.1314924793599
505,676.842125205858,405.98891961663037,3675.0296313161834,-270.8532055892276,combined_emb,0,0,0,2.1223093264690984,0.038532518650886916,18.251679000850398
506,655.0816119425789,804.8612404941256,3120.3478887574634,149.7796285515467,office_emb,0,0,0,2.6881455818823357,0.7401653630944209,19.2170834157508
507,617.3155716839514,737.5130223371144,3896.592302180383,120.19745065316306,office_emb,0,0,0,1.9248736982840198,0.07127600009313219,20.3932445272681
508,725.094902307666,348.5383273552261,3020.588935932563,-376.55657495243986,combined_emb,0,0,0,3.175303962143704,0.23857167498895218,18.9540309670543
509,548.3519952285018,529.8154942899354,3505.906991725942,-18.536500938566405,combined_emb,0,0,0,1.931730813732002,0.11195218434963923,21.6948622155454
510,820.8763326370783,440.19577955299815,3979.789345643658,-380.6805530840802,combined_emb,0,0,0,3.0762566470850183,0.1273742279009357,20.989608014600698
511,604.0538478595611,415.59742644376627,3893.5434358369744,-188.4564214157948,combined_emb,0,0,0,1.521212348805448,0.07325803804670622,16.3502820196882
512,751.0778955671171,670.2865686222505,3534.668750690123,-80.79132694486668,combined_emb,0,0,0,2.4381440103027257,1.0556221630295783,16.5286411352453
513,679.5851483672984,509.1011158567837,3770.2960707700518,-170.48403251051474,combined_emb,0,0,0,2.279026167178692,0.4848422335946596,20.232169475200198
514,743.897113710571,415.89962068454525,4108.73521616686,-327.9974930260258,combined_emb,0,0,0,2.038998423903863,0.08933860277763439,17.4714051691999
515,801.9624603569041,497.72395710359274,4005.300294480842,-304.23850325331136,combined_emb,0,0,0,2.8664510977107227,0.582984051759758,19.766891646254802
516,712.78925834283325,421.2982883636463,4175.079879410305,-291.49096997918696,combined_emb,0,0,0,2.1235939692465475,0.06741680479736117,18.6814704691226
517,904.1754093125005,565.2621812331831,4283.051201492804,-338.9132280793174,combined_emb,0,0,0,2.3924577278401813,0.31350301343763287,15.2656667330935
518,863.8226544796929,453.70323811288125,4798.0403332275255,-410.11941636681166,combined_emb,0,0,0,2.7858973204136652,0.18188117020093733,21.1822861893369
519,693.3662373611744,538.3774666221698,3277.3516844921596,-154.98877073900462,combined_emb,0,0,0,2.4220048715403126,0.8500627383804854,17.4195577469204
520,894.7800922365602,644.0570606507148,3935.121643610278,-250.72303158584543,combined_emb,0,0,0,2.7748986685200805,0.3815173033342677,16.921129470694
521,618.3042855993019,561.7384766114744,3477.427352496145,-56.565808987827495,combined_emb,0,0,0,2.3294731751274864,1.030098545174451,21.1883760351754
522,908.6638555456759,418.2757906079989,3610.453900085638,-490.38806493767703,combined_emb,0,0,0,3.6843946631731415,0.06559628204948191,20.092506474387
523,668.9988471578265,690.2504871020371,3690.2055625686194,21.251639944210638,office_emb,0,0,0,2.2309399038043867,1.0593128606264968,19.181270690034403
524,679.5368462969057,588.094267267716,3486.1154214208022,-91.44257902918969,combined_emb,0,0,0,2.0808314109850112,0.4747209163629584,16.6589703354037
525,773.6733206029976,647.3408768282767,4124.100646580413,-126.3324437747209,combined_emb,0,0,0,2.412144183455058,1.054319145288405,19.063406620321
526,769.924715629421,464.4487696491162,4840.136899785325,-305.47594598030486,combined_emb,0,0,0,2.0666242000394424,0.07514729878004818,19.2108737994935
527,556.5234207647819,541.082525461846,3794.678508109016,-15.440895302935928,combined_emb,0,0,0,1.7258339857489162,0.3045484774339212,20.5645855478616
528,804.7098370007463,485.62969064115765,4021.5585867636637,-319.0801463595887,combined_emb,0,0,0,3.087989213130942,0.1477084119395458,22.169796655379997
529,629.314747508108,595.7373969856191,3558.805115788334,-33.57735052248893,combined_emb,0,0,0,2.0263608299726132,0.5302499272364612,18.751362100276
530,757.9316676488711,508.02502266834665,3608.3183909134204,-249.90664498052445,combined_emb,0,0,0,3.0327434010833687,0.4356826688003977,21.0819613531463
531,656.7103541021706,528.7261815648933,3154.751623315678,-127.98417253727735,combined_emb,0,0,0,2.380902560586949,0.4455985374927975,17.8287084346603
532,763.1477150536043,372.90571214069263,3683.4811769143184,-390.2420029129117,combined_emb,0,0,0,2.553070627281349,0.19961889060642588,18.039717412293598
533,682.275539549061,717.9693653251633,4182.52940264945,35.693825776102244,office_emb,0,0,0,2.790114144397193,0.34119107346104305,25.8504510854162
534,787.3334760741411,372.0631398394737,4247.912815453748,-415.2703362346674,combined_emb,0,0,0,2.433826629033708,0.05002333324635207,19.234918389442303
535,759.865610789293,372.43159641327634,3327.5311728086353,-387.43401437601665,combined_emb,0,0,0,3.6370218967896495,0.15393942506493327,23.242912565136603
536,520.5390776424975,454.1239286025953,2883.8064635658575,-66.41514903990225,combined_emb,0,0,0,1.7732557321398814,0.20372755014048347,17.2585456025167
537,594.4467990692356,433.673037020328,2866.3540826742014,-160.77376204890754,combined_emb,0,0,0,2.4713308451414533,0.42950452150628826,19.6951886921557
538,788.8658091374424,708.1441652714874,4444.605688947032,-80.721643865955,combined_emb,0,0,0,2.254714437335751,0.9444550838803136,18.1931689405688
539,782.1288350921648,425.22651980200874,4584.689843182588,-356.902315290156,combined_emb,0,0,0,2.1174954740069514,0.1034742716124866,17.5549466924999
540,747.733539527711,494.9801871993007,3383.5243281718535,-252.75335232841024,combined_emb,0,0,0,2.9881512258468046,1.1179294133057953,20.7373847864276
541,953.122768553588,405.73217435123513,4578.191116795299,-547.3905942023529,combined_emb,0,0,0,2.92394007018999,0.26055751277785677,18.573967470121502
542,789.2500970851042,433.24347992844423,3748.4449967962364,-356.00661715666,combined_emb,0,0,0,3.004599516351434,0.2581922225970027,19.686133259323597
543,842.465224916036,645.4731681313161,4664.084036244968,-196.99205678471992,combined_emb,0,0,0,2.2755504269496516,1.0150665047913372,18.2564390306284
544,723.557549941273,801.7093995577231,3741.89142721954,78.15184961645014,office_emb,0,0,0,3.00832810952387,1.7545116343759282,22.8334661176978
545,564.2932626166615,415.0417094303205,3305.065760642679,-149.25155318634103,combined_emb,0,0,0,2.076603830583062,0.38732720647087765,21.2986189208271
546,716.2763294527141,391.5495955468882,3600.947588924825,-324.7267339058259,combined_emb,0,0,0,2.418559627470401,0.23104176759233905,18.0124848785501
547,688.3205037820776,544.1919041660996,2712.441219696568,-144.12859961597803,combined_emb,0,0,0,3.1374295720602516,0.9862594073752153,19.421843689004
548,697.0719068193692,475.11987398040867,3938.3312204391095,-221.95203283896058,combined_emb,0,0,0,2.258445746903791,0.44592784228687404,19.705620446380202
549,650.7134138098022,631.9367541455309,3716.3531435347772,-18.77665966427128,combined_emb,0,0,0,2.399774580147554,0.5712964644439684,21.0419146405778
550,681.3483712621642,596.2728295692635,2779.457401564568,-85.07554169290063,combined_emb,0,0,0,2.6349668458756033,0.00702123217162278,15.9669985071336
551,757.5812907705861,694.682983403783,3180.320681128911,-62.89830736680301,combined_emb,0,0,0,2.930928918213393,0.8250332183003153,17.9580135996382
552,628.6242735420215,689.3073527359423,3468.171687054945,60.68307919392089,office_emb,0,0,0,2.1808941707812766,0.2986430312904423,19.3867174718057
553,603.3625760624925,673.5390260167442,3916.7820198153845,70.17644995425167,office_emb,0,0,0,1.7985926936371281,0.628604513208839,19.4057126274442
554,779.0692642841357,645.6984779126362,3182.407941167767,-133.37078637149943,combined_emb,0,0,0,3.1772579505384324,1.3586575857979217,18.6705446639311
555,755.0426523778838,353.58689255186846,4576.2871690604325,-401.4557598260153,combined_emb,0,0,0,2.2658332697222234,0.05291083271460184,19.7851076620281
556,835.1949392275956,480.043853111408,4404.1629199089575,-355.15108611618757,combined_emb,0,0,0,2.6674253699655663,0.23022882205862308,19.5430658763153
557,550.7610736626233,405.97693336835624,2725.6545528383967,-144.78414029426705,combined_emb,0,0,0,1.9921458439519664,0.2939406073483584,16.9283907252766
558,624.5729415118484,540.3080440713668,3568.302002120777,-84.2648974404816,combined_emb,0,0,0,2.073651481393724,0.009946293493001409,18.6639494230147
559,855.3225824159358,880.3649650540876,4053.5034488923184,25.04238263815182,office_emb,0,0,0,2.685791727737298,1.6572899300687416,17.648569940110498
560,783.2598851542057,713.8457077591972,3706.5196047464606,-69.41417739500844,combined_emb,0,0,0,3.292666374607225,0.8653523883823393,22.191516937958898
561,805.5432504290318,468.4473681050158,3685.055020044946,-337.095882324016,combined_emb,0,0,0,3.0625037236246264,0.13690183003288464,19.8837766127887
562,867.0061016421349,613.3514902195917,4202.074572757229,-253.6546114225432,combined_emb,0,0,0,2.9040839565102354,0.008359283347844623,19.1450892174513
563,709.5281292549298,506.4058200006518,3408.870269161622,-203.12230925427804,combined_emb,0,0,0,2.5009591312743225,0.6644229451227203,18.153625508763398
564,611.1555358271492,464.18577887664935,3701.6407810319683,-146.9697569504998,combined_emb,0,0,0,1.982077590291479,0.5545280370642658,19.145445295271998
565,583.6593748063954,634.5586316750865,4181.691876436271,50.89925686869117,office_emb,0,0,0,1.5308401366157993,0.9922550439810519,17.922139098933798
566,498.7444678472673,480.03665989002695,3071.1135462447105,-18.707807957240334,combined_emb,0,0,0,1.7873979651066165,0.39901293229365936,19.9878130932095
567,709.6734157445504,576.8895007711719,3255.0704345622185,-132.7839149733785,combined_emb,0,0,0,2.7542052548414713,0.08414561067227819,18.833989141944798
568,658.1308694893878,480.0886901503776,3353.67584029786,-178.0421793390102,combined_emb,0,0,0,2.2926919119794302,0.30298060471769545,17.9062170740319
569,797.3358051992451,584.2334609583429,3688.783448558871,-213.1023442409022,combined_emb,0,0,0,3.5244531358122417,0.30735480148995725,23.097937780725502
570,654.6284565790104,420.96663418953335,3770.767193777294,-233.66182238947704,combined_emb,0,0,0,2.102052423118077,0.20602420309231323,18.6118161386853
571,1117.3619160212947,479.34761277166035,4326.303256886764,-638.0143032496344,combined_emb,0,0,0,3.6565146074928063,0.06588555946110385,18.1476063328547
572,1095.4860469897972,760.9283033998374,4250.791623451238,-334.5577435899597,combined_emb,0,0,0,4.065275714561949,0.5841505675996705,20.132133632135798
573,819.3674999068504,663.41219423131,4136.963893334165,-155.95530567554044,combined_emb,0,0,0,2.344409337552736,0.23227498155047144,16.7196280348498
574,714.0894523102938,471.05616057604385,3614.5969159068595,-243.03329173424999,combined_emb,0,0,0,2.874399962073063,0.6465380082387039,21.894553008964
575,538.1164774562457,675.5211200179517,2757.043757248587,137.40464256170605,office_emb,0,0,0,1.8951994739711473,0.5804120574345935,17.8525018494446
576,798.3657131487913,460.98679813352015,4116.813376096224,-337.37891501527116,combined_emb,0,0,0,2.770747970155279,0.07471547123864422,20.8429838856
577,527.1693635188592,478.4758970964044,2887.135538863303,-48.693466422454776,combined_emb,0,0,0,1.8057856145387516,0.01409598183699119,17.2399191781935
578,510.6526528420052,499.1118913715855,3220.2134890007187,-11.540761470419682,combined_emb,0,0,0,1.682379412580825,0.44719392313071,20.4810410270993
579,714.7641085181602,467.91969674742006,3568.6782852407,-246.84441177074018,combined_emb,0,0,0,2.6042670350149333,0.9267969437534697,19.2668009655832
580,525.3861749140115,598.7283763994321,2610.5604626296504,73.34220148542067,office_emb,0,0,0,2.1645165354750233,0.28760325110556545,18.7262810946402
581,563.0417134577513,418.7430930786071,3347.408842446762,-144.29862037914415,combined_emb,0,0,0,2.1292127061297315,0.0544967601637349,22.428114458125
582,759.9285809859184,511.5012362429109,3820.5506854655814,-248.4273447430075,combined_emb,0,0,0,3.377997286797835,0.2190290825681919,23.3824408757938
583,749.1928571398507,528.0975793772409,3691.5233531071854,-221.09527776260984,combined_emb,0,0,0,2.641947960409536,0.3204809005261762,19.5356464473763
584,752.2581450480557,508.6335843973278,4115.989624585429,-243.62456065072786,combined_emb,0,0,0,2.2138496867744153,0.2927680803879347,18.0575430482097
585,684.5085566640538,406.39220623864946,3766.161141915796,-278.11635042540433,combined_emb,0,0,0,1.9524520606417608,0.1290467814927906,16.1474924535322
586,660.5889479911218,348.47108874655214,3718.9206712580103,-312.1178592445697,combined_emb,0,0,0,2.4157972846177582,0.14650686894964407,20.179594088206102
587,809.6597662406132,567.8680703758882,4206.627680694514,-241.79169586472494,combined_emb,0,0,0,2.474613045961163,0.5870021455393682,17.827865123421002
588,739.8442222902274,718.5605561359185,3695.296876192812,-21.28366615430889,combined_emb,0,0,0,2.879411953696373,1.0100434717018671,21.0529822973667
589,488.4021586330132,554.0311612609563,2631.885787505077,65.62900262794312,office_emb,0,0,0,1.7737191784495037,0.373357388349347,18.5348774547651
590,651.2630142668626,514.0325996067188,3206.0121045790493,-137.23041466014377,combined_emb,0,0,0,2.52051870641909,0.5956377275519429,20.470470355965002
591,628.2198471996898,490.75171802848075,3197.198822463768,-137.468129171209,combined_emb,0,0,0,2.5695910557700365,0.17837269724743515,20.6054464518683
592,936.5386223997443,306.1994591016698,4581.8022615263935,-630.3391632980745,combined_emb,0,0,0,2.8070698290586416,0.043659895836623434,18.597297224251403
593,616.0387895867019,550.6441494650559,3766.800242224055,-65.39464012164603,combined_emb,0,0,0,1.9449232730694752,0.07437809637469343,20.183417537146898
594,757.3195969929532,408.96899413328174,3522.2170274383975,-348.3506028596714,combined_emb,0,0,0,2.475948054780093,0.2980142033494088,16.8709042858192
595,920.0599272549364,988.4932946036988,5193.73008625847,68.43336734876243,office_emb,0,0,0,2.0945490421862107,1.2951703028899268,15.7454649411902
596,485.37672271865085,541.9514164876988,3153.948512366714,56.57469376904794,office_emb,0,0,0,1.7161353458709445,0.35387536918190654,20.4500683280348
597,715.808878913614,517.0751850342862,3655.806696659692,-198.7336938793278,combined_emb,0,0,0,2.201956865157158,0.11691621368900997,17.4638284624974
598,735.2999584038779,514.9317500484651,4193.941452599825,-220.36820835541278,combined_emb,0,0,0,2.6712356933788293,0.32847765614529345,21.9485826632118
599,579.7304894803236,510.65800786042456,3992.9809146319626,-69.07248161989907,combined_emb,0,0,0,1.2400503407567691,0.05878623690471027,15.6594888970636
600,698.3635847796268,429.4179708988538,4217.884924909454,-268.94561388077295,combined_emb,0,0,0,2.1211615930617724,0.21516965765214327,19.4883032176093
601,872.3072318960774,374.48903949509554,3277.1222633143093,-497.81819240098184,combined_emb,0,0,0,3.3330043669982228,0.10902124300892982,17.0434871443466
602,979.7314145549115,493.15792061633607,4762.88296524066,-486.5734939385754,combined_emb,0,0,0,2.589294112604711,0.2987412931345589,16.8188889888473
603,663.6829049818807,363.81447156214045,3315.211997747489,-299.86843341974026,combined_emb,0,0,0,2.6260253801988713,0.3344182178027584,20.841125406295202
604,695.507877271822,382.66385150939976,3454.9258554103067,-312.8440257624223,combined_emb,0,0,0,2.616531341995745,0.41653416736228116,19.005362244125
605,683.5913594179683,521.7667969445087,4160.61240372476,-161.82456247345965,combined_emb,0,0,0,1.9982931975120506,0.5241211963634155,18.732699123090597
606,866.3920536358191,544.2343069543714,3784.734871378186,-322.15774668144775,combined_emb,0,0,0,3.456809069726149,0.15230000628640478,20.9263005266533
607,542.5633774594512,602.4735545843463,3636.7227292789494,59.910177124895085,office_emb,0,0,0,1.578972910298694,0.3382533760413357,18.205643341501098
608,669.8418533221786,459.1159312073918,3111.35193218802,-210.72592211478684,combined_emb,0,0,0,2.604594814051239,0.7727544573259322,18.607583280938403
609,711.1129995190247,546.3223734999684,3897.432613559321,-164.79062601905628,combined_emb,0,0,0,1.9624154453345448,0.13091579939343953,15.775468548608702
610,636.34531121381,552.7759364351411,3057.854040247803,-83.56937477866882,combined_emb,0,0,0,2.7910978371226456,1.0826951384319659,21.3321691015155
611,791.9017090060149,404.29944316569726,4178.119550823576,-387.60226584031767,combined_emb,0,0,0,3.1756146517617596,0.04140495626466964,23.2172397294772
612,903.4076737073469,459.24393541561085,4989.5121957382735,-444.1637382917361,combined_emb,0,0,0,2.549337120926998,0.15031771781298847,19.6084324144876
613,556.3986261306669,493.0939885367496,2930.9003506662143,-63.304637593917334,combined_emb,0,0,0,1.9156552594764074,0.2847879616615147,18.2597991410103
614,708.4509864877898,444.5371565981504,4281.416955409854,-263.91382988963943,combined_emb,0,0,0,1.9922836431871096,0.20837868157725747,18.6869171052706
615,659.239129071387,722.9631282622038,3387.9860905887213,63.72399919081681,office_emb,0,0,0,2.7523057561188993,1.0773415843112675,22.0245397619383
616,763.4436034810565,390.46075030244583,3589.477957472294,-372.98285317861064,combined_emb,0,0,0,2.7673539825628657,0.020967086451696766,18.406636116281998
617,540.2499242906493,564.0161243831368,3255.342275051539,23.766200092487452,office_emb,0,0,0,1.8978340540265357,0.11472376084378802,19.565500200255702
618,1022.7194676372555,481.6147742875917,4078.486799440491,-541.1046933496639,combined_emb,0,0,0,3.384558626501438,0.14953009131164166,17.4717137180067
619,579.0667799963137,687.0147632178337,3249.7994223767596,107.94798322151996,office_emb,0,0,0,2.0330185430170853,0.16541419432235407,20.233797306286
620,1080.0417370685827,492.9823154842701,4891.586155806169,-587.0594215843126,combined_emb,0,0,0,2.723973589980267,0.2384656563237929,15.7333346031998
621,778.4739705981842,368.0312218417703,3719.384197671445,-410.44274875641395,combined_emb,0,0,0,3.0601980217131515,0.02403162293855571,20.9291620555073
622,761.685131414572,464.95810774539194,3632.897720153828,-296.72702366918,combined_emb,0,0,0,2.851615434660368,0.42228195165684973,19.9924983021383
623,827.0938109470068,532.5879126608081,4454.805774985286,-294.50589828619866,combined_emb,0,0,0,2.218568200782468,0.33299573286619766,16.8766536446219
624,835.9426059323293,645.7277550374554,3986.7698994348884,-190.21485089487396,combined_emb,0,0,0,3.1673021625290385,0.29622529766946626,20.7867777771478
625,624.1998997161263,509.48838568209203,4480.655935224972,-114.71151403403428,combined_emb,0,0,0,2.0042393156952283,0.6324670508703841,21.4311288210438
626,528.6466086134506,364.68501580802365,2946.8167297632967,-163.9615928054269,combined_emb,0,0,0,1.8004607037585487,0.439277921423892,17.6096697224044
627,695.5252890754464,390.35114088692154,3691.259147115499,-305.17414818852484,combined_emb,0,0,0,2.1235722710842264,0.3301822901872036,16.4439422320212
628,675.0382290104127,537.8743016486493,3226.6056940812855,-137.1639273617634,combined_emb,0,0,0,2.6568325272468716,0.29117932225464693,19.926015768507998
629,538.878120236722,618.1849055496967,3027.976708540143,79.30678531297474,office_emb,0,0,0,2.257555897185232,0.34415843493002224,22.9555076159113
630,905.5274844688969,703.1676892645819,4395.400892026371,-202.359795204315,combined_emb,0,0,0,2.528731641554422,0.9638813693494409,16.720823527693902
631,716.7899179842555,537.9864491698867,3952.5336747513225,-178.80346881436878,combined_emb,0,0,0,2.1090572807760046,0.267578983738171,17.9332234506237
632,650.697725618687,837.9239937734516,4115.9897081581,187.22626815476463,office_emb,0,0,0,2.0037013716120526,1.1253845429450386,19.6681725486102
633,723.9118693799744,378.77914925762593,4052.576697789638,-345.1327201223485,combined_emb,0,0,0,2.315054368046001,0.1703242096566942,18.7262207396253
634,760.1227985223727,515.2674076277385,3470.124627705808,-244.85539089463418,combined_emb,0,0,0,3.1750694546927116,0.2801293610045286,21.0352955614897
635,777.8244797717424,530.0515488229856,3342.2908951257587,-247.77293094875677,combined_emb,0,0,0,3.2193897952940604,0.22654791840375132,20.3352334708382
636,779.2442738244437,344.9934595592151,4554.894401886527,-434.25081426522854,combined_emb,0,0,0,1.911287533083194,0.06358581305814545,15.899724481556202
637,669.474327995954,520.8989911166088,3504.5891789863363,-148.57533687934517,combined_emb,0,0,0,2.373758157264785,0.2455800634495141,19.2300890238375
638,700.6217283002891,419.0621190836901,3785.9846270995645,-281.559609216599,combined_emb,0,0,0,2.3468528921194,0.11865385107556471,18.565005947254
639,874.1943714200725,523.1130871653982,4754.827724223148,-351.0812842546743,combined_emb,0,0,0,2.9958200028992845,0.4233222778972909,22.377048414399198
640,763.6225047813432,662.9286848442995,4255.71962604435,-100.69381993704371,combined_emb,0,0,0,2.3454545781598792,0.5867167426804488,19.3694451383311
641,889.5299492213036,652.0866628266832,4430.110710591684,-237.44328639462037,combined_emb,0,0,0,2.276631163100008,0.09672637950664824,15.4168567669967
642,682.1525784201068,631.8276534549831,3629.9197904464068,-50.32492496512373,combined_emb,0,0,0,2.342655247030414,0.03601085712508034,19.078241785293702
643,786.802232041413,394.32581193092733,3811.434197225622,-392.4764201104857,combined_emb,0,0,0,3.073725067624993,0.25301978153462645,21.4133226784468
644,772.4008948325106,410.0205172635675,3501.3927172498707,-362.3803775689431,combined_emb,0,0,0,2.827609044083139,0.07127079536311866,18.4128641681349
645,654.6078098450328,439.06621967894324,4394.300471767695,-215.54159016608952,combined_emb,0,0,0,1.9930028288577804,0.1809206087131675,20.6944086629293
646,703.4940667771484,716.5922548970506,4265.764234888104,13.098188119902147,office_emb,0,0,0,2.0232271274310425,0.5621692664593488,18.1484107125275
647,877.8797500675789,464.6913338174595,4465.4733599727115,-413.1884162501194,combined_emb,0,0,0,2.367955721057521,0.0884365217702438,16.3729084688756
648,896.4635959108612,520.3842757365428,4407.403727600825,-376.07932017431835,combined_emb,0,0,0,2.8486054128825535,0.5889149120137804,19.005490436182
649,648.844510881826,759.3486544662632,4002.6507613999843,110.5041435844372,office_emb,0,0,0,2.231548585935597,0.945376779364251,21.456147705769197
650,519.4161999954596,411.624992347099,3087.8767993602637,-107.79120764836057,combined_emb,0,0,0,1.6116367902033846,0.08811293734608996,18.4345597438632
651,679.2477016554558,416.9257878109735,3360.058896664967,-262.3219138444823,combined_emb,0,0,0,2.302762245876316,0.4171887321989026,17.4709004326432
652,680.7287989261397,577.7536858814528,3906.640589351953,-102.97511304468685,combined_emb,0,0,0,2.440678759280496,0.17364350409726095,21.8755701392664
653,739.8559060545118,550.8625673914129,4505.610916517232,-188.99333866309894,combined_emb,0,0,0,2.3641469340202876,0.7807162324218619,20.9298665540502
654,632.195586884,563.9370568439901,3506.774957181049,-68.25853004000987,combined_emb,0,0,0,2.1079769847015313,0.32677920077151945,18.818454978486
655,653.132548300886,425.52791287002424,3284.8694972629714,-227.60463543086178,combined_emb,0,0,0,2.2904749206977333,0.10276483091721342,18.2875505583054
656,730.1879464091345,558.001450014921,3635.386459785597,-172.18649639421346,combined_emb,0,0,0,1.9393994461341235,0.25741130166104137,14.2392269162359
657,762.6449938649438,481.3000688027863,3343.227612515432,-281.3449250621575,combined_emb,0,0,0,3.0248905725670925,0.07890795944150159,19.8588248034124
658,691.3546084748602,559.3788128813853,3449.2429905891167,-131.9757955934749,combined_emb,0,0,0,2.6337060636109464,0.6650105393984974,20.269594421081
659,603.5661145011384,719.8402021118447,3562.6312076215363,116.27408761070637,office_emb,0,0,0,2.1692965210233286,0.3077659319188434,20.825351561101503
660,623.8340147019695,554.2733071370268,3515.5575389625005,-69.56070756494273,combined_emb,0,0,0,2.3262968013347765,0.21011902312006528,21.4660524484433
661,627.4941939359219,438.7376115769034,3480.335116549479,-188.75658235901847,combined_emb,0,0,0,2.252400517295079,0.7273927698215092,19.4413398129114
662,652.6033545340457,421.13053377337053,3787.5999668066897,-231.47282076067518,combined_emb,0,0,0,1.8177624701798467,0.1500678285391833,16.6901562990856
663,550.9508486950409,562.6347386564498,3058.0519646177595,11.683889961408909,office_emb,0,0,0,1.8760541449005421,1.0529922265845855,18.8344692966774
664,695.9980783561132,516.3146282545661,4468.450680231648,-179.68345010154712,combined_emb,0,0,0,2.179924206006762,0.42772005040071925,20.0940335332651
665,551.707991328921,316.003113861053,2951.901121990743,-235.70487746786802,combined_emb,0,0,0,2.1537017504465004,0.012817310965991192,19.4266901445439
666,619.0436021347027,329.6346004254144,3590.87276514212,-289.4090017092883,combined_emb,0,0,0,1.7585945276784651,0.11461729601031274,16.820291454777198
667,706.6846407494971,469.1192291255733,3731.7681676347024,-237.5654116239238,combined_emb,0,0,0,2.3304703135166163,0.2304493223932629,18.3645193066553
668,853.0699290883408,528.1399194080653,4238.923366845509,-324.9300096802755,combined_emb,0,0,0,2.9520347037003587,0.18431215462232475,19.9789602942059
669,615.6693876430911,783.5386712424761,3365.74312277948,167.86928359938497,office_emb,0,0,0,1.7042335703130174,0.330046740751625,15.0130885920958
670,795.4078610259859,666.4559177755626,4442.561093130426,-128.95194325042326,combined_emb,0,0,0,2.6242087152969216,0.4190403701730954,20.0918440857603
671,817.7352932643266,564.3782526102184,3850.71988490241,-253.35704065410823,combined_emb,0,0,0,2.7168846953817702,0.44277935423807835,17.8705084684593
672,610.422101981471,342.1874384926524,2861.3920075645874,-268.23466348881857,combined_emb,0,0,0,2.7742305403781695,0.1259962450233022,20.404072710223602
673,585.0192364422143,553.9952833324513,4505.388017684765,-31.023953109762942,combined_emb,0,0,0,1.5150263860497581,0.8426132970973936,18.695757876417698
674,762.4109872309564,374.0362799284296,3857.489600785164,-388.37470730252676,combined_emb,0,0,0,2.672515575107688,0.06345862642774064,19.305776093896
675,685.8489639776266,361.05804148655193,4334.4363886031615,-324.79092249107464,combined_emb,0,0,0,2.083677965001785,0.22088133563456055,19.9207543829732
676,881.8037877808922,589.2787870072098,3756.289511459869,-292.52500077368245,combined_emb,0,0,0,3.358513961086061,0.19354606509517286,19.8759704464961
677,788.3026611808732,755.448617894046,3672.7556258101513,-32.854043286827164,combined_emb,0,0,0,2.5821114569188786,0.7252205471394679,17.108431889450102
678,736.3599926033679,527.9588903924852,3692.767122738406,-208.40110221088275,combined_emb,0,0,0,2.832241965542794,0.27063757876277217,21.0221196210106
679,868.7599451527743,624.7951219224724,3195.5681448705923,-243.96482323030193,combined_emb,0,0,0,3.5493502160358585,0.43563653746616915,18.3300874699368
680,731.8582403281223,725.5318639433124,3193.9950895058564,-6.326376384809919,combined_emb,0,0,0,2.774813507237574,1.2556743549509415,18.8206797958238
681,766.7340243118075,391.16759604818736,3461.660167162986,-375.56642826362014,combined_emb,0,0,0,2.8093742029357434,0.07661230847806974,17.7953460500987
682,596.523155132913,336.53152197497036,3235.574731152702,-259.9916331579426,combined_emb,0,0,0,2.1001690436427203,0.06705804393396253,19.2656554892117
683,827.5427722718633,700.4819647575722,4128.480961373037,-127.06080751429113,combined_emb,0,0,0,3.0110541390161782,0.13726746375775956,21.542279737605302
684,690.6200391466599,798.1014211002846,3406.6864912953615,107.48138195362469,office_emb,0,0,0,2.620198160448327,0.7915891451746172,19.6981881048196
685,652.1432694088004,458.1824946784101,3440.1551208077917,-193.9607747303903,combined_emb,0,0,0,2.2195761640397382,0.12057192335231524,18.6434903812873
686,733.5017942189183,770.5433096521675,4199.968874990781,37.041515433249174,office_emb,0,0,0,2.2878132540560303,0.19827112776581957,19.254196822301303
687,522.2603593743443,766.8659338430201,3402.346016464595,244.60557446867585,office_emb,0,0,0,1.8973627952883667,1.5580274217543089,23.0291770032515
688,990.664270668128,595.1709301550036,3799.4575805908567,-395.4933405131244,combined_emb,0,0,0,3.214747167680834,0.892102920066008,16.5637278412076
689,798.3224633376817,639.252117950676,3758.4279888697447,-159.07034538700566,combined_emb,0,0,0,2.512142563094003,0.14968258795398684,16.806244276223
690,1211.409541144734,699.2104967191797,4610.386308478098,-512.1990444255543,combined_emb,0,0,0,3.5482695496894436,0.0018766062312753817,17.0797089998843
691,760.102033490556,508.93792467020506,4233.761223988492,-251.16410882035092,combined_emb,0,0,0,2.6633254452580486,0.20521446506431262,20.7582286210808
692,812.4685234139447,517.6335879826133,3672.7399923307503,-294.83493543133136,combined_emb,0,0,0,2.8043758944296933,0.3615126275802527,18.3478507302992
693,682.2349141887653,643.6165901194132,3284.3285853075604,-38.61832406935207,combined_emb,0,0,0,2.4751050253602784,0.16294206648473575,17.9054720560278
694,651.6109341297546,456.3890909933355,2790.0441402475985,-195.22184313641907,combined_emb,0,0,0,2.960832953258159,0.45420876596795917,19.8076642154438
695,772.8867222725308,316.26896081772844,3394.258127247516,-456.6177614548024,combined_emb,0,0,0,2.8952588435974134,0.1335898827768825,18.7441933656241
696,669.804010160527,538.0175813449601,4385.211152929049,-131.78642881556686,combined_emb,0,0,0,2.2834797080563543,0.14507103699290322,22.9800207088836
697,646.9054756800192,528.1283148066551,4589.924583392055,-118.7771608733641,combined_emb,0,0,0,1.330412330056671,0.24346667444763748,15.1808361362038
698,775.12341204020845,593.3968046701768,3700.9119724449133,-181.72660737003162,combined_emb,0,0,0,3.191513916073423,0.287778809904054,20.9603600666517
699,709.2743015941892,506.41257046348005,3814.928257536908,-202.86173113070913,combined_emb,0,0,0,2.188140303112596,0.47309892947393306,17.4994983665948
700,758.6121817896825,497.3369145814896,4172.2687163034925,-261.2752672081929,combined_emb,0,0,0,2.81070441046348,0.37190476220765495,21.8368585406628
701,653.1060975423054,622.3525227209661,3574.191542957984,-30.75357482133927,combined_emb,0,0,0,2.6772453685424185,0.28833504211542316,23.4733768084615
702,787.8805939401216,458.32895166070585,4432.184813254335,-329.5516422794157,combined_emb,0,0,0,2.6637982144558636,0.04963094537310537,21.1090414534751
703,581.2570698392929,385.3546813065392,3705.921135089174,-195.90238853275366,combined_emb,0,0,0,1.4963160205336437,0.3501492758858254,16.5083248176243
704,797.8856494097314,467.78857041189076,4039.4542835016164,-330.09707899784064,combined_emb,0,0,0,2.875771975052962,0.4517206485300816,21.225234834744402
705,645.8229649981511,569.5624240698356,3487.247343690376,-76.26054092831544,combined_emb,0,0,0,2.2868058354758114,0.038525023942547094,19.0373970839612
706,760.8067490891816,418.61087285045056,4358.204784553592,-342.19587623873105,combined_emb,0,0,0,2.9104722226122255,0.0579253125691798,23.6948402275461
707,800.5608437008235,588.8182747958953,3183.8015849564586,-211.74256890492825,combined_emb,0,0,0,3.360352846309434,0.7773794693499424,19.8325378796295
708,667.0158261365907,441.3567270414204,3671.211550598506,-225.6590990951703,combined_emb,0,0,0,1.9707628352029785,0.08599663921828775,17.0005707068918
709,682.7849159686491,569.5894296687195,4544.069597584846,-113.1954862999296,combined_emb,0,0,0,1.9444801013583415,0.3561285855918226,19.9903353497424
710,627.5326536417982,512.6564285092788,3437.5553989687937,-114.87622513251938,combined_emb,0,0,0,2.0628514081196276,0.14526301775742084,17.782534427326
711,731.9249411901083,573.3750882507173,3235.527745834371,-158.54985293939092,combined_emb,0,0,0,3.6331337017092156,0.06022233052951105,24.449293357820498
712,725.935886204204,533.0130973115575,3786.933568572516,-192.9227888926465,combined_emb,0,0,0,2.495394469294762,0.8343865806108444,19.5271245836047
713,718.5308122629456,575.1841689297748,3957.98569157123,-143.34664333317073,combined_emb,0,0,0,1.8968042998397296,0.1657509210310841,16.652880803097002
714,817.2867672548532,452.3024974082595,4427.811135253258,-364.9842698465937,combined_emb,0,0,0,2.4527385326318942,0.0877372141070653,18.533654740668
715,866.7998589469948,616.7706067315821,5195.740961866102,-250.02925221541273,combined_emb,0,0,0,2.2911763532281317,0.5780728818786338,18.8030829009717
716,803.7402446457404,384.29125122362615,3937.461828522568,-419.44899342211426,combined_emb,0,0,0,3.152134045836242,0.08157644397390079,21.744410152226198
717,623.6217469698007,393.45093929621737,2655.154095484537,-230.17080767358334,combined_emb,0,0,0,2.687504599298105,0.08197500242436068,19.1873817582958
718,688.7918714831709,576.1645403096061,3688.8268008373593,-112.62733117356481,combined_emb,0,0,0,2.2410434023925143,0.2733714468226562,19.451124976041
719,816.5588525148231,607.7197766727338,3540.160103767806,-208.8390758420893,combined_emb,0,0,0,2.8325168136454253,0.02366375151246645,17.410462674938
720,580.2239144914552,477.2049946471629,4412.759559256496,-103.01891984429227,combined_emb,0,0,0,1.2379170580498768,0.08998123392267478,16.2079503265684
721,833.5728760192927,664.0789102994563,3601.3072583177877,-169.4939657198364,combined_emb,0,0,0,3.651594065463202,0.9804781221530935,21.8429416236893
722,771.4354448223107,541.4055312715874,4644.226731499065,-230.02991355072334,combined_emb,0,0,0,2.051604501233556,0.23954940540646164,17.7921296759552
723,603.9647824657259,521.7179959666457,2962.018449580327,-82.24678649908014,combined_emb,0,0,0,2.224085915535606,0.8637855915860383,18.5798697010033
724,699.5628134901373,386.8183307770886,3044.8861617627613,-312.7444827130487,combined_emb,0,0,0,2.6559881268040444,0.0691839421739872,17.3286609243399
725,742.1457919484159,578.1155033573353,4015.041068541993,-164.03028859108053,combined_emb,0,0,0,2.1986663920156104,0.3427815665785141,17.669800198014897
726,904.7129165860194,499.0890546382246,4371.066361297295,-405.62386194779486,combined_emb,0,0,0,2.8256916372760994,0.18762507208430335,18.562632763643503
727,660.3146002860963,426.7695247051349,3320.6083207376164,-233.54507558096134,combined_emb,0,0,0,2.302607883559985,0.20974210203693713,17.2312992181631
728,815.4325962362915,568.145543643805,4132.235595541932,-247.28705259248648,combined_emb,0,0,0,2.3685869543419256,0.5483546376111518,16.953303740758802
729,646.2598528624379,519.264558565308,4158.358245784049,-126.99529429712993,combined_emb,0,0,0,1.9350146614667185,0.7199681500867058,19.5771377939778
730,519.434328643694,539.0446042021144,3144.036538524609,19.610275558420426,office_emb,0,0,0,1.7286046738773106,0.33943469381333063,20.243685990306698
731,904.8189831573818,445.7264771612248,4502.088723874526,-459.092505996157,combined_emb,0,0,0,2.740947872031971,0.061047455499722125,18.1124920470994
732,725.7917671268699,461.0864795141142,4074.9504356010566,-264.7052876127557,combined_emb,0,0,0,2.286726354759857,0.6056026872892524,19.0794893042487
733,734.7744230253436,548.294944355377,3624.9881225106196,-186.47947866996662,combined_emb,0,0,0,2.4168588161986087,0.7923223755489645,17.1194934544352
734,719.7307533835549,502.59606408746345,3069.902933778131,-217.13468929609144,combined_emb,0,0,0,2.983101145832696,0.10844385975668817,19.3770787858191
735,758.1191065745554,730.6665557484814,3668.806015903954,-27.452550826074003,combined_emb,0,0,0,2.9760062081657246,0.956895298101737,20.4802342699821
736,724.4083018556508,446.57900664978206,3700.784754191341,-277.8292952058688,combined_emb,0,0,0,2.597968706223233,0.11428848190463231,19.9759578513046
737,760.55772067829,481.1774868133207,3326.2592099000376,-279.38023386496934,combined_emb,0,0,0,2.9518133648963123,0.6850576751983898,18.1263725968779
738,660.8237810721066,478.8176040270616,3454.8047129776382,-182.00617704504504,combined_emb,0,0,0,2.6726909166625683,0.604443529425521,20.8127303505909
739,736.9391695040222,454.02025680449697,4036.5317822607162,-282.9189126995252,combined_emb,0,0,0,2.1985257433053906,0.4385377720386765,17.999705438777
740,791.6166691005997,394.9254969155194,3450.549475688574,-396.6911721850803,combined_emb,0,0,0,2.8917317425122233,0.5085796865728516,18.1783052219178
741,790.3263920895774,330.40859801058735,4986.574368103702,-459.9177940789901,combined_emb,0,0,0,1.8695054141803829,0.04536433149933401,16.4077546707895
742,915.1557411618479,658.7286688213851,4493.225902903142,-256.4270723404628,combined_emb,0,0,0,2.9304476199976732,0.8433888880980018,19.7572981140905
743,879.0812407913833,494.35918670903095,3889.874064247142,-384.7220540823523,combined_emb,0,0,0,3.3276889523248214,0.08749757394662883,19.8141101500061
744,596.9958927925272,489.16487700726174,3449.2343805276205,-107.83101578526549,combined_emb,0,0,0,2.0582478800135973,0.20326802092807028,19.469183231521
745,612.6713749310697,485.64403821173283,4121.653582828524,-127.02733671933692,combined_emb,0,0,0,1.864814580127562,0.13624134060708354,20.841527540366002
746,799.29490193113,536.7875221601493,3943.633764969072,-262.5073797709807,combined_emb,0,0,0,2.844143979407994,0.04647773328662333,19.8827571385268
747,778.8534020887064,634.0042727495702,3620.1298305597606,-144.8491293391362,combined_emb,0,0,0,3.037653591791022,0.24507450816696166,20.4118816674467
748,655.0206386566257,581.1478201460757,4776.113642856568,-73.87281851055002,combined_emb,0,0,0,1.7171371672479208,0.5703905849832401,19.9180387358588
749,857.3786532570398,425.65261913892135,3427.5357337284927,-431.72603411811843,combined_emb,0,0,0,3.4367494161718684,0.0530487636399603,18.6845457870402
750,745.8280229636772,570.3859157562424,2925.795599809411,-175.4421072074348,combined_emb,0,0,0,3.306009802492772,0.08096004016117822,18.8236397940663
751,1062.8288468187282,392.1019539949323,4688.016055241953,-670.7268928237959,combined_emb,0,0,0,3.0174965779253005,0.20171825478566627,17.2219641874234
752,539.1232548217741,516.3612122285281,3450.5626362578364,-22.762042593246065,combined_emb,0,0,0,1.5879590084064372,0.7080967373031655,18.347973591067102
753,712.8916352551357,481.6572970635142,3571.8735425742925,-231.23433819162153,combined_emb,0,0,0,2.398792780147577,0.30754805258675855,17.5486646581373
754,813.5323505666564,475.2817017121194,4197.608952934398,-338.250648854537,combined_emb,0,0,0,2.717349603823578,0.08258697005910352,19.9463975491838
755,763.8568776666269,450.571236129848,4265.836879804811,-313.28564153677894,combined_emb,0,0,0,2.4614407589864666,0.06510602761633537,19.3937004407249
756,684.2898771196506,473.6334927974399,4473.825472232728,-210.65638432221067,combined_emb,0,0,0,1.7690347902423946,0.4758840707552643,17.2516518241429
757,522.325083579007,467.2237042706788,3007.463410881593,-55.101379308328205,combined_emb,0,0,0,1.8997684085406281,0.25768782707203597,20.2708599139337
758,811.0059372588439,543.8217484916797,3662.1196069474745,-267.1841887671642,combined_emb,0,0,0,2.50308806912955,0.5949349141926269,16.8460766058591
759,649.8348108656461,735.3986080067122,3568.571091996055,85.56379714106606,office_emb,0,0,0,2.228738076620282,0.07751308770163928,19.2033227069842
760,838.6170785408558,376.1764834101575,3039.301936925324,-462.4405951306983,combined_emb,0,0,0,3.3803537814138793,0.03422552867613655,16.9752498817271
761,744.0011454121811,360.8438107546134,3228.139153638818,-383.15733465756773,combined_emb,0,0,0,2.7897270579094515,0.28683796594138083,18.0042607040683
762,697.1218626914068,506.13523287869384,3599.6693801131737,-190.98662981271298,combined_emb,0,0,0,2.6318930498997197,0.7591042117104564,20.3096932780031
763,530.106421106744,377.3649401201564,3443.2984727254266,-152.74148098658765,combined_emb,0,0,0,1.4911909462880615,0.2049887184369622,17.7747864149122
764,703.0683939664549,519.232207699499,3544.316738907247,-183.8361862669559,combined_emb,0,0,0,2.666464420076255,0.059368533325434694,20.4313731470628
765,594.7292469065277,459.49578848004444,3215.138402201499,-135.23345842648325,combined_emb,0,0,0,2.543773878460294,0.595818187926558,22.784186178770803
766,848.3461812290266,507.6040313094384,4501.650370675838,-340.74214991958814,combined_emb,0,0,0,2.086033560413542,0.4552643203612535,15.6491621884601
767,761.6480699241721,624.6825789188465,3619.7730950539967,-136.9654910053256,combined_emb,0,0,0,2.5140399158721896,0.6026192864019024,17.3231090739324
768,734.3622676610607,463.9230380689531,4027.1640265824526,-270.43922959210767,combined_emb,0,0,0,2.300528454093812,0.45925778205830414,18.289691340255597
769,629.0664356826769,444.8315169274729,3958.874182905825,-184.23491875520403,combined_emb,0,0,0,1.7800262314867514,0.27907223999459146,17.999714119707697
770,750.4074988918991,361.3793798555381,4039.180227951497,-389.028119036361,combined_emb,0,0,0,2.3346986517356294,0.019731844364207978,18.7540735358534
771,909.6412764549194,977.9894174437543,4745.822316236391,68.34814098883487,office_emb,0,0,0,2.7764745327654907,0.5642892586218974,19.67934759115
772,832.2106099139908,436.45422277124993,4867.430691292818,-395.75638714274083,combined_emb,0,0,0,1.7621721225218905,0.26216216684669824,14.644768236338
773,679.653046641656,480.3297197352843,3302.9618207724216,-199.32332690637173,combined_emb,0,0,0,2.860931095120599,0.4026818850657843,21.1101714099674
774,638.1788003649278,525.3818426215771,3773.798884731646,-112.79695774335073,combined_emb,0,0,0,2.0268827040423627,0.38592317130805315,19.0372430855958
775,645.0504416876761,477.13150107857837,3463.313491538028,-167.91894060909772,combined_emb,0,0,0,2.4020714660213516,0.5272650423186854,19.673832113234898
776,664.2454934584105,413.70706735769244,3898.2189231301472,-250.53842610071803,combined_emb,0,0,0,1.5527006492457476,0.13271871729816243,14.332449446612
777,612.1362936993177,540.569119764327,3503.0734534999006,-71.5671739349907,combined_emb,0,0,0,1.7505853554256159,0.010891239364171783,15.994362702575499
778,725.6544795621534,620.3774685372586,3333.0319275047464,-105.27701102489482,combined_emb,0,0,0,2.6569186546238415,0.17283852459390392,17.9861782924625
779,660.3517461982495,551.6836407605074,3255.836484238442,-108.66810543774216,combined_emb,0,0,0,2.2973069993851896,0.33862868022884773,18.6171869958131
780,654.0721901509562,420.4300744005158,3642.076025178577,-233.64211575044038,combined_emb,0,0,0,2.1272553916379504,0.0014909195914466142,18.0444004836943
781,688.3411993300285,319.27230514787027,3854.3351567771715,-369.06889418215826,combined_emb,0,0,0,2.256805520760596,0.05600231022945435,18.9244802815381
782,584.1887376660104,426.3686479869013,3004.6283340295136,-157.82008967910912,combined_emb,0,0,0,2.496307333432035,0.20778963689099728,21.7666097515906
783,725.4188303548094,442.5614361356254,4876.202475441484,-282.857394219184,combined_emb,0,0,0,1.6826483534204453,0.037205313387599255,16.9698471993247
784,731.2857726524807,462.919795046031,4624.897791308343,-268.36597760644963,combined_emb,0,0,0,1.8757780589326374,0.3457890008058046,17.2650536833285
785,773.3439806171799,594.2139517961716,4138.552111068187,-179.1300288210083,combined_emb,0,0,0,2.0684994688939957,0.4110346677015266,15.956615619558901
786,609.8719728573503,485.4409486852695,3248.5063938750623,-124.43102417208081,combined_emb,0,0,0,1.7784269058450728,0.3286027803817484,16.278875148230398
787,685.0547606926532,470.05597095685647,3869.3407403919405,-214.99878973579672,combined_emb,0,0,0,2.1828224171212325,0.40056589356631045,18.4930667439262
788,684.6548209004096,467.48469566107264,3359.026405114165,-217.17012523933698,combined_emb,0,0,0,2.430840302757316,0.28282155795613884,17.904710547310803
789,674.896714038387,680.9526480074236,3610.534593497856,6.055933969036573,office_emb,0,0,0,2.0809765017535886,0.3379040213995324,16.8544712735306
790,868.3536220834342,483.8921881548763,4139.452760087183,-384.4614339285579,combined_emb,0,0,0,2.410196172349919,0.03804193572114944,16.1073178149617
791,912.1914574742709,499.5771690872887,4464.032816321745,-412.6142883869822,combined_emb,0,0,0,2.9689695428341865,0.14480446164873828,19.147956018956197
792,632.1994503053487,507.01762956123105,3853.277554600303,-125.18182074411766,combined_emb,0,0,0,2.1794888679600986,0.4657597118324474,20.176407909672697
793,619.5012431026169,513.7459339321748,2702.1922069949005,-105.75530917044205,combined_emb,0,0,0,2.359663611560894,0.08654122828552754,16.5125524749001
794,800.068786323101,496.3925605252043,4980.6006122889385,-303.6762257978967,combined_emb,0,0,0,2.187473308533363,0.7002113556862565,19.746392130706
795,568.2478139659526,480.3417079287113,3222.233535401021,-87.90610603724127,combined_emb,0,0,0,1.8653517607651056,0.22510050776034418,17.7231613684405
796,877.5657543832158,355.6126728858251,4026.197699275764,-521.9530814973907,combined_emb,0,0,0,3.048274257918135,0.04387474450840316,19.421313889795197
797,655.0651455486825,530.5776711246417,3475.100810941073,-124.48747442404078,combined_emb,0,0,0,2.296679010474316,0.37741833470159,19.7390144706245
798,1011.450665708169,386.6832936707983,4559.245441562064,-624.7673720373707,combined_emb,0,0,0,3.13521209958824,0.05523004039727532,18.8426660149126
799,857.8129718332847,738.481942672873,4947.608956038349,-119.33102916041173,combined_emb,0,0,0,2.4267081536866058,0.35798444145125735,19.450133961989298
800,763.7215841267039,507.17368890818545,3955.05624060904,-256.5478952185184,combined_emb,0,0,0,2.9742438266975966,0.8248878756880988,22.048586807729702
801,965.1589890835619,515.2053220006266,4469.466536027731,-449.95366708293534,combined_emb,0,0,0,3.638246414421303,0.6725148048435488,21.892496864298902
802,620.3734174505998,513.8668857470869,3587.151211149971,-106.5065317035129,combined_emb,0,0,0,2.212337248507081,0.485150469389699,19.8996315184432
803,628.8273495404807,659.3013034651112,3789.1962978384395,30.473953924630564,office_emb,0,0,0,2.1266394890505205,0.7263382171759337,20.8648450406452
804,797.8405595355457,561.3674504218519,3582.0435632628573,-236.4731091136938,combined_emb,0,0,0,3.0101985245999314,0.4779755781119716,19.5356080654709
805,812.2347974293255,414.4802709234158,5000.904192343074,-397.75452650590967,combined_emb,0,0,0,1.9949198693901575,0.23283054397765202,17.724434218673398
806,723.7744272177357,452.4429789504292,3861.443910100582,-271.3314482673065,combined_emb,0,0,0,2.5491009600304544,0.16101619036283693,20.9247069906759
807,763.9582369123868,335.337006009806,3269.030242904401,-428.62123090258086,combined_emb,0,0,0,2.9060495113480056,0.17325275144674776,17.623775566229
808,688.3686977197631,365.32881483581605,3287.4489849239376,-323.03988288394703,combined_emb,0,0,0,2.6675444153091377,0.024327865631154886,18.6471297911909
809,762.9516232733909,593.1729262811135,4492.637061915726,-169.77869699227733,combined_emb,0,0,0,2.2523307208181014,0.473979541666775,19.0083267894486
810,879.9080188984658,621.0670222742507,4858.883967091111,-258.8409966242151,combined_emb,0,0,0,2.5971292298609847,0.2191835118011265,19.4401627861859
811,872.2171160676506,610.5973277551648,4353.4000614770985,-261.61978831248587,combined_emb,0,0,0,2.635739918685007,0.1635869668086644,18.3207285839059
812,774.8471768829047,683.611091809482,4848.671526891694,-91.23608507342271,combined_emb,0,0,0,1.9223624303007427,0.18717599444858657,16.7600422676106
813,660.01053754482,632.5418050404141,3020.7264158200337,-27.468732504405807,combined_emb,0,0,0,2.3440292863980865,0.12348719246467631,16.8089700735845
814,1074.290602049715,532.1526661252609,4878.810013584507,-542.1379359244542,combined_emb,0,0,0,3.7801730042320254,0.9288751174627984,21.5671155469945
815,745.2941855725503,350.7429545209817,3468.373597261191,-394.5512310515686,combined_emb,0,0,0,2.6856485988162495,0.16078906900101658,18.4211247138204
816,546.4575397803105,436.58702648812607,2890.253237467168,-109.87051329218446,combined_emb,0,0,0,2.041005998523215,0.2507534926494292,19.8833731401907
817,704.0523505100944,492.15660530586047,3148.214293103939,-211.8957452042339,combined_emb,0,0,0,2.341524915919143,0.13502667730481224,16.6605846357893
818,599.2045282428649,364.7942516457379,3595.8621580257573,-234.41027659712694,combined_emb,0,0,0,2.0159083804290465,0.12042393580970433,20.391892161230498
819,897.7203907879745,382.63763009800743,3727.7847275893378,-515.082760689967,combined_emb,0,0,0,3.1428377728911987,0.1688232904429914,17.8180255162464
820,595.6134021826065,357.7275228133709,4198.582702541735,-237.88587936923557,combined_emb,0,0,0,1.3561148874232807,0.1660441980696718,15.667250104043799
821,652.2005598699911,768.7477815019171,3541.468412800128,116.54722163192594,office_emb,0,0,0,2.115828335299855,0.4265352430192206,18.0870367659944
822,801.7301403319779,468.791302757151,4399.212304345374,-332.93883757482683,combined_emb,0,0,0,2.557168330278674,0.09810522567037089,20.3086636008424
823,961.9628485812767,489.1829383918482,3920.7672250719042,-472.7799101894285,combined_emb,0,0,0,3.674667213245124,0.38817414998831967,19.856863013011
824,592.9723976627336,594.4339895637117,3036.20782583737,1.461591900978192,office_emb,0,0,0,2.19313023903174,0.30742979663814185,18.9850600542644
825,721.5070346143561,693.9968997455665,4312.048502634634,-27.51013486878969,combined_emb,0,0,0,2.2503884076380496,0.7232246308413985,20.1791359266458
826,811.3475926852816,710.9624935161746,3476.3036326436622,-100.38509916910698,combined_emb,0,0,0,3.079475984590264,0.7165547739233279,18.9569749966448
827,603.755679016009,472.32954622609134,3766.8861298937118,-131.4261327899177,combined_emb,0,0,0,1.9154967361711752,0.15905469405682296,20.071446945702
828,762.6027880057865,566.0820025218716,4837.76300934566,-196.5207854839149,combined_emb,0,0,0,2.3347959214210117,0.7890535716573547,21.176392694381
829,703.582923582509,555.6221648325827,3925.017439783216,-147.9607587499263,combined_emb,0,0,0,2.3693947479256448,0.45492771261524867,20.1004704255651
830,781.7271187031997,363.055808850063,3789.8750044907697,-418.67130985313673,combined_emb,0,0,0,2.4745602947994487,0.022525188859436888,17.3122798463039
831,678.5673801824025,498.7436821124462,4321.444726682073,-179.82369806995632,combined_emb,0,0,0,1.9763883651559229,0.0750364468385783,20.139325675842
832,704.7375574574708,548.007588129481,4282.434401102924,-156.7299693279898,combined_emb,0,0,0,2.385937425882326,0.08111378836109866,21.2785158801741
833,687.9336183787708,690.3954122650151,4103.128707203787,2.4617938862443225,office_emb,0,0,0,2.4361260329946837,0.3848180918840759,23.2734299564523
834,794.7056148145217,479.7443118693969,3619.430429752063,-314.9613029451248,combined_emb,0,0,0,3.407820918501878,0.04401949188299588,22.0544622171951
835,968.0235349722013,631.912955587971,4778.060997734402,-336.1105793842303,combined_emb,0,0,0,2.8028393471367443,0.8419835154820816,18.4799418666491
836,669.191308384281,372.6012160703113,3249.2497351694674,-296.5900923139697,combined_emb,0,0,0,2.715859126263732,0.2638880984708498,20.6847239634812
837,647.6358100924629,537.0378854719082,3480.0297415536543,-110.59792462055464,combined_emb,0,0,0,2.5861335406708084,0.21672080429093407,22.321195281973498
838,814.0262096246939,405.013074208636,3487.3989702679596,-409.01313541605793,combined_emb,0,0,0,3.517007664210023,0.29614238873798776,22.2177606408824
839,721.6324640758241,597.6140915893143,3500.0827088567535,-124.01837248650986,combined_emb,0,0,0,2.714682724244364,0.036738412438403506,19.5252207541287
840,666.4615536454012,482.34887184500707,3413.3800875347706,-184.1126818003941,combined_emb,0,0,0,2.2808623019276943,0.11264671590524934,18.2768032256022
841,630.5014425294828,608.8326491616452,3917.792592870247,-21.668793367837566,combined_emb,0,0,0,2.476066042633556,0.044289518002521636,23.982736850596698
842,563.432682940391,465.85089499525844,3244.741375050164,-97.58178794513259,combined_emb,0,0,0,1.7998473389607343,0.22963123061665522,18.059366467005102
843,601.5846594607143,520.094281829271,2911.0409547071654,-81.49037763144327,combined_emb,0,0,0,2.07688323152873,0.28071911537717764,16.290223785010298
844,762.3522352437329,749.1847647029773,3516.5675358885655,-13.16747054075563,combined_emb,0,0,0,3.422991522932577,1.4442861641930298,23.3711983705684
845,736.526120828948,434.11158748650786,4048.769300119564,-302.41453334244017,combined_emb,0,0,0,2.6947082112292904,0.09402077812540509,21.6530744689937
846,730.8196411567925,597.2138114448535,3588.9474778311082,-133.605829711939,combined_emb,0,0,0,2.971418431332744,0.6699821849069771,21.0633567848422
847,618.0711447470997,405.84722053522853,3490.0548647589367,-212.22392421187112,combined_emb,0,0,0,2.277044575580771,0.046046666096739235,20.4782250985922
848,670.5231956444716,575.026846371801,3797.7916735571575,-95.49634927267061,combined_emb,0,0,0,2.0338087047628757,0.18034047001988582,18.1687659109013
849,670.5939067473798,421.21004042590545,3376.5900066078807,-249.3838663214744,combined_emb,0,0,0,2.131930005276547,0.3566667030032668,17.4293055452474
850,728.9135776887308,478.33164672095637,4517.602733432086,-250.58193096777444,combined_emb,0,0,0,2.120668918045893,0.2591528333268137,19.1422614763092
851,620.8499362053036,555.7677013621986,3258.1301030688787,-65.08223484310497,combined_emb,0,0,0,2.187305782344983,0.0325060980265474,18.872181490139297
852,706.5636097794018,591.6865239294128,4123.462487377523,-114.87708584998893,combined_emb,0,0,0,2.393821935612463,0.14358960603946905,21.419191118889803
853,667.9683125841722,474.65436180246667,2896.679405032463,-193.3139507817055,combined_emb,0,0,0,2.8073288385877477,0.09173994661822046,19.1426184369173
854,632.764956327635,563.5939398883244,3133.639388687471,-69.17101643931062,combined_emb,0,0,0,2.080276481008095,0.06928881911914243,16.578267508661202
855,830.7159869379989,472.2464592989766,3652.2765177932774,-358.46952763902226,combined_emb,0,0,0,2.9040346886125725,0.2681771211984967,18.0407873705605
856,817.8328383058897,396.1308601816619,3737.027871921329,-421.7019781242278,combined_emb,0,0,0,2.405196628630223,0.1181852785380615,15.675513990319402
857,1009.5385943397597,300.2165904104977,3829.6418758055775,-709.322003929262,combined_emb,0,0,0,3.5267747757356376,0.006804454490526556,17.641467091716
858,738.0712751967513,537.0915069199264,4203.380806332767,-200.97976827682498,combined_emb,0,0,0,1.933359829845772,0.41572673376719504,16.6162119322066
859,912.0011946459913,740.8379397850366,4643.1224743838575,-171.16325486095468,combined_emb,0,0,0,2.7877595181674493,0.6207260511782582,19.6255760553625
860,540.5920390883131,617.1812100927882,3766.943706805194,76.58917100447513,office_emb,0,0,0,1.6400865156898297,0.34043801952415104,19.9039186050595
861,850.3911763511194,722.2665285628017,3976.4090446708883,-128.1246477883177,combined_emb,0,0,0,2.8498950754474377,0.07909475462630518,18.609002337665903
862,688.948657991979,427.4082173815318,3507.5045650738102,-261.54044061044715,combined_emb,0,0,0,2.56620841528436,0.2129377479926072,19.4181450764823
863,645.9887643732263,422.4529105954854,3408.2866889107213,-223.53585377774095,combined_emb,0,0,0,2.5288211746631073,0.39721188112316663,22.0818574414512
864,807.5912004368138,645.6320273457761,3532.720926138027,-161.95917309103766,combined_emb,0,0,0,2.936010292852532,0.6183025467645012,18.6165991703264
865,817.6481833653274,438.05908120669176,4084.8507695071507,-379.5891021586357,combined_emb,0,0,0,2.2726269613835908,0.2845434940313664,16.0734317037172
866,652.8678464273853,639.0631490961027,3508.526515246797,-13.804697331282568,combined_emb,0,0,0,2.6335323103051755,0.1770027031104425,21.8204059774065
867,582.9910706356402,669.3488568446083,3634.1527089646943,86.35778620896815,office_emb,0,0,0,1.90469335873544,0.8854895249627173,19.746294730572302
868,775.8991283475048,472.0416798356947,3741.142087248065,-303.85744851181005,combined_emb,0,0,0,2.471508171641,0.35766609805148974,18.120975121733498
869,641.2817664106856,582.3824803954918,4122.114335863075,-58.89928601519375,combined_emb,0,0,0,1.8381990034788898,0.24769275973810043,17.9624326678144
870,614.9496669907653,577.0908819047893,3352.9400262815516,-37.858785085976024,combined_emb,0,0,0,2.34264634587851,0.43990415358166474,20.3782045810511
871,1096.500744159272,551.2143183098107,5149.456319297637,-545.2864258494614,combined_emb,0,0,0,2.520060988619848,0.35649525674078597,14.9250436874441
872,723.121761878067,495.2848206017233,3853.2078057125646,-227.83694127634368,combined_emb,0,0,0,2.259525122203157,0.2114622361164059,18.042158102956602
873,824.804311176322,604.8394837017343,3538.161118895509,-219.96482747458776,combined_emb,0,0,0,3.23362662128736,1.0771610127587454,19.265633781974202
874,913.5853638101366,484.5719915642925,4408.048696430253,-429.01337224584415,combined_emb,0,0,0,3.0213111604427714,0.4182204825458981,20.3093908307855
875,713.3471133834903,758.3008200604698,3824.8703452248606,44.95370667697955,office_emb,0,0,0,2.5710706034689412,0.21254388083441694,21.3833459904061
876,809.460010973844,758.2714601033703,3786.2644107403603,-51.188550870473705,combined_emb,0,0,0,2.6741610039017005,0.8363392741076309,17.5549877550846
877,777.7979837533883,512.2019306357826,3782.652560539502,-265.5960531176057,combined_emb,0,0,0,2.9225699814083734,0.06727866210099016,20.919452576341
878,715.6007481696583,650.2032452691619,3989.8992294127675,-65.39750290049642,combined_emb,0,0,0,2.195731378475555,0.44524631710544993,18.269924388338602
879,849.0744342015897,447.11142121781756,4025.0438103760675,-401.96301298377216,combined_emb,0,0,0,2.806094582693805,0.01303041147689561,18.338812658139798
880,583.237640588429,394.8327796348705,3842.176100558952,-188.4048609535585,combined_emb,0,0,0,1.569852662477816,0.3759144242810931,17.754623635581098
881,685.7012249314955,623.0774870116119,3693.6897962097423,-62.62373791988364,combined_emb,0,0,0,2.2486198552562944,0.1610772434199464,18.482112356872598
882,751.2623992804612,508.8056364524874,4788.629304805918,-242.45676282797376,combined_emb,0,0,0,2.0662793936266315,0.6596987381295821,19.1486691528093
883,819.8945574544107,608.6825381637186,4534.757451585927,-211.21201929069207,combined_emb,0,0,0,2.3064009327798973,0.5107766927561391,17.9723392928901
884,561.3894419219298,358.5306217188373,3322.8792504958074,-202.85882020309248,combined_emb,0,0,0,1.7848919835002326,0.2684649124459576,18.2074577191966
885,766.1363831802715,552.9611624264488,3679.5544954287298,-213.1752207538227,combined_emb,0,0,0,3.161203755976407,0.3251010930519764,21.4089470855676
886,768.4590103334205,472.8457103565501,3549.385366846503,-295.61329997687034,combined_emb,0,0,0,2.8876575092768517,0.19334622565647375,19.4355423763694
887,913.5475314512959,488.32173371320704,4636.080789817341,-425.22579773808883,combined_emb,0,0,0,2.6459144025498222,0.16241260161874088,18.231548749097
888,744.4548237621076,583.3420166862747,3992.3870330601785,-161.11280707583285,combined_emb,0,0,0,2.4047227578656694,0.789034446597403,18.862390330082302
889,742.0795963589592,483.69940726545553,2872.8389973294543,-258.38018909350365,combined_emb,0,0,0,3.541770842471802,0.3381299382099487,19.377024894579
890,745.8903015104594,361.5724402762098,4527.742074112108,-384.31786123424956,combined_emb,0,0,0,2.380272680355754,0.09296469292076616,21.218534348644802
891,612.619242345321,479.00907781231945,3665.6576103717093,-133.61016453300158,combined_emb,0,0,0,1.61406068723354,0.5067254909361464,15.4128158993193
892,588.6850292510485,620.5508267673708,3636.025054494346,31.865797516322345,office_emb,0,0,0,1.98709623176424,0.6337785092336286,20.497522759896
893,627.5085005111989,525.4601497798845,3940.702752815988,-102.04835073131437,combined_emb,0,0,0,2.0201056930799797,0.168210834328394,20.319699094341203
894,766.6532904596984,657.0731338836683,4185.560343282129,-109.58015657603005,combined_emb,0,0,0,2.6528608165644463,0.20133870955117367,20.792504650405398
895,529.0133993077178,343.1365866621379,3026.6688629269647,-185.8768126455799,combined_emb,0,0,0,1.763972209418312,0.13999459266140685,18.1224278183317
896,766.6221139073692,537.2235926337665,4664.610087541642,-229.39852127360268,combined_emb,0,0,0,2.320959557470129,0.4768038407434393,20.7071022867459
897,769.9845141143375,452.97517931503603,4085.4505783184186,-317.0093347993014,combined_emb,0,0,0,2.7572913358338895,0.16620790319657627,21.9156534567766
898,898.0451473541331,363.74582028658045,4253.632335430501,-534.2993270675527,combined_emb,0,0,0,2.8672068859331925,0.06392743189523824,18.4535259818827
899,783.7061744334856,530.3351522071006,3773.691933523701,-253.37102222638498,combined_emb,0,0,0,2.8703482895446015,0.7095246633764268,20.3387500567212
900,843.472969178926,714.8916261578391,3447.79699174122,-128.5813430210868,combined_emb,0,0,0,3.4760696953098513,0.7652451765716919,19.515880250748697
901,860.4827262000942,496.88639149947414,4122.698643489655,-363.5963347006201,combined_emb,0,0,0,2.827872672560362,0.29482914245972636,19.4899527520363
902,780.8043094316129,380.5690504174747,4055.0658835317113,-400.23525901413814,combined_emb,0,0,0,2.899515921604119,0.24937823761393513,21.7723675056475
903,693.2379249332769,644.2388895522074,3884.8583207160223,-48.99903538106946,combined_emb,0,0,0,2.1079701163861833,0.018429719629268,18.0283288848
904,710.3506839893013,538.6852377981907,3318.388907250729,-171.66544619111062,combined_emb,0,0,0,2.23067995684688,0.07818888633084548,15.817248463038801
905,757.7472903873315,508.07801667660783,4098.29070302348,-249.6692737107237,combined_emb,0,0,0,2.016293871030969,0.19627130689655176,15.9287945920611
906,831.7725579531668,433.15677599970047,4734.602523210839,-398.61578195346635,combined_emb,0,0,0,2.1194501723544996,0.005128823259402134,17.2522150986294
907,673.059432091515,633.5571405676478,3821.5655321635163,-39.50229152386714,combined_emb,0,0,0,2.200260186653763,0.0954341505855293,19.131138285213098
908,711.4520516299119,659.1750928946245,4174.142942917052,-52.276958735287394,combined_emb,0,0,0,2.150535622535438,0.2670932056448317,18.777120668628697
909,865.578174084975,722.3077390575517,4475.282459003879,-143.27043502742333,combined_emb,0,0,0,3.0192951285552074,0.2832047605059088,20.967023941391098
910,702.2354059044793,487.635381932868,4205.079178942908,-214.60002397161134,combined_emb,0,0,0,2.3055800616758666,0.20799965539479856,21.075672856273602
911,727.72739246639,472.5362602162128,4549.146131721814,-255.19113225017725,combined_emb,0,0,0,2.6389843048827815,0.15811222180308035,24.4674919201199
912,681.6181930548381,528.5958847281994,3575.303839380232,-153.02230832663872,combined_emb,0,0,0,2.530973390257137,0.292728140540187,19.9853390727522
913,853.441111426544,634.145932297932,4543.985163040167,-219.29517912861206,combined_emb,0,0,0,2.906463147971929,0.49736816135428974,21.5320445310585
914,723.846003777847,478.53252426821746,3542.959652026122,-245.3134795096296,combined_emb,0,0,0,2.743249681413677,0.34807422124287113,20.182003458465402
915,648.7225585837407,392.52395361416944,3668.647042060836,-256.19860496957125,combined_emb,0,0,0,2.112865431218521,0.1198839685696183,18.901039850821597
916,614.3752741110209,575.4502525277366,3472.8698481078713,-38.92502158328432,combined_emb,0,0,0,1.7929395063809894,0.06708048863556497,16.837459168636
917,804.2360133274642,464.89575890264695,3680.59354594239,-339.34025442481726,combined_emb,0,0,0,2.870162683800506,0.43247463535965613,18.626092407221602
918,552.2502335579234,716.6543449399288,3625.4249179844414,164.40411138200545,office_emb,0,0,0,1.3509725220855273,0.27237621212360147,16.997279093525798
919,522.0330570686132,424.35785207349926,3658.0495354071936,-97.67520499511392,combined_emb,0,0,0,1.7455103123303182,0.12067219539710013,21.426055983755898
920,751.8026795516143,382.8070514954365,3680.039676749729,-368.99562805617785,combined_emb,0,0,0,3.1519301318771373,0.1792958669360414,23.2958063434222
921,871.3046891588838,361.4093025947074,3880.9432778857413,-509.89538656417636,combined_emb,0,0,0,3.089825607817711,0.16286088003247237,18.9091908864989
922,837.3162270644996,728.3578003105471,4491.8795116960955,-108.9584267539525,combined_emb,0,0,0,2.624956514363244,1.3640191294495876,19.3979848781556
923,692.2815411653926,431.22249698759674,3226.457390943004,-261.05904417779584,combined_emb,0,0,0,3.0110793009617303,0.5068745972210812,21.0877199271593
924,839.2583429430762,568.9615339482374,4199.172207736175,-270.2968089948388,combined_emb,0,0,0,3.345473021337569,0.13915654949989778,22.6703603477092
925,627.1910399342039,830.5295413351691,3790.004562158256,203.33850140096524,office_emb,0,0,0,2.210195324811967,0.3701623960625539,22.0950919256912
926,784.6111888863577,377.08939024612687,4609.680299546938,-407.5217986402308,combined_emb,0,0,0,2.3559227973827532,0.3635822098442085,19.2998431126416
927,721.5029261169257,509.85638217924793,4312.68658511908,-211.64654393767773,combined_emb,0,0,0,1.896397952954936,0.03525101247747584,17.269037554586
928,835.8027934961426,493.1150415825532,3604.1522436348214,-342.6877519135894,combined_emb,0,0,0,3.6857078109593133,0.8836114917184116,22.2419862003617
929,688.7640828289188,624.3009196161447,3884.9820646043727,-64.46316321277413,combined_emb,0,0,0,2.6995232777651057,1.1623323636213534,22.707240524931198
930,601.5646074259156,399.76317863557495,3181.467465399991,-201.80142879034065,combined_emb,0,0,0,1.854394505702346,0.23307192710001332,16.609562008293498
931,709.4774134240726,521.5952226659664,3707.025346074168,-187.88219075810616,combined_emb,0,0,0,2.7668146127796263,0.23061995562918947,21.013977607478
932,705.1036728468212,683.8054324245705,3544.020737960648,-21.298240422250615,combined_emb,0,0,0,2.4569436079303832,0.0431360212203769,18.666391622070602
933,683.2992013178778,565.4125290323459,4192.1342062130425,-117.88667228553186,combined_emb,0,0,0,2.424889399633534,1.2029522201559897,22.4411211985722
934,790.0543115101339,441.15921322572706,4055.2812373877387,-348.8950982844068,combined_emb,0,0,0,2.376081451351963,0.713484764997414,17.0550494988596
935,625.0685353214751,452.185610256389,3778.7231873115643,-172.8829250650861,combined_emb,0,0,0,2.116091332156169,0.3634359318695904,20.547751757128403
936,685.6896558420341,563.3316823029336,4441.2504807714595,-122.3579735391005,combined_emb,0,0,0,1.836703646473171,0.5870097817886027,18.165376581917798
937,891.561829794169,448.41827354700683,4128.589786769465,-443.1435562471621,combined_emb,0,0,0,3.535621794595911,0.1361669959043229,23.160668490335897
938,857.865259251087,662.9924503787001,4297.207914301048,-194.87280887238683,combined_emb,0,0,0,2.409748472369924,0.5087257273806385,17.0498947984929
939,704.7195135369433,470.26105427998607,2975.7338269150737,-234.4584592569572,combined_emb,0,0,0,2.7278120542424027,0.8179054616608401,17.4930528381126
940,743.7364063608356,434.2526425253117,3401.0270986334535,-309.4837638355239,combined_emb,0,0,0,3.110871735680817,0.14744645494941366,20.6790901352517
941,804.06972611597,564.072266460409,3254.7968238024428,-239.997459655561,combined_emb,0,0,0,3.121236680906402,0.8019816331219045,18.1767946022625
942,802.847264981787,572.673132658198,3566.8629186118624,-230.174132323589,combined_emb,0,0,0,2.6353792213349405,0.3779700511436502,16.6070080709143
943,853.9642972555957,476.1658901120571,3978.56336178731,-377.7984071435386,combined_emb,0,0,0,3.0548411087852205,0.7597445743824218,19.5525465631567
944,780.7530410867311,422.43600227776636,4101.948358266165,-358.3170388089647,combined_emb,0,0,0,3.1074694115203902,0.288399204058898,23.4061986079179
945,742.8985507167772,550.2163841134777,4125.253752935214,-192.6821666032995,combined_emb,0,0,0,2.342493011668432,0.14392461830875425,18.7133562746816
946,764.5457371702216,387.32168900650515,3999.2149790205526,-377.2240481637165,combined_emb,0,0,0,2.2093668315982944,0.06606185567979882,16.0994316789474
947,837.061299756946,472.8756280145246,4735.32250093493,-364.18567174242145,combined_emb,0,0,0,2.439514004838551,0.5192328257704053,19.4484773374296
948,713.0987668038924,492.16272604031917,3611.8867694529304,-220.93604076357326,combined_emb,0,0,0,2.910394962633338,0.06560649103482456,21.003676207276797
949,514.2400455845818,464.645844957667,3314.431658673161,-49.59420062691481,combined_emb,0,0,0,1.2883919684455654,0.333804374543867,16.2039194777499
950,998.402815537141,589.8268240212269,4280.6579601605235,-408.5759915159141,combined_emb,0,0,0,3.2434619241193565,0.27945817553490265,18.4681767411871
951,704.6483280100238,563.6003444245688,4097.649387091541,-141.04798358545497,combined_emb,0,0,0,2.109666739081432,0.3440029837482697,17.70834025868
952,669.2499651519315,529.6103341942704,4565.426493309619,-139.6396309576611,combined_emb,0,0,0,1.9298186609825572,0.5324629357859563,19.965595993001
953,815.4681433936169,454.0732502121585,4032.7807227283606,-361.39489318145837,combined_emb,0,0,0,2.9406694009038206,0.3875324470179929,20.7824878355851
954,913.9254213249709,572.8496906153459,4398.4653694486715,-341.07573070962496,combined_emb,0,0,0,2.7951438913641105,0.6042434602004368,18.0979442618505
955,784.120141538653,463.4575228360392,3997.6609222019283,-320.6626187026138,combined_emb,0,0,0,2.8782303335941157,0.5703168399778813,21.2364269453039
956,622.6212968290106,508.104685531605,3611.560569237209,-114.51661129740557,combined_emb,0,0,0,2.0512237867746235,0.5528730397659196,18.7567262823174
957,691.0378393729802,534.955972644972,3677.963204336794,-156.0818667280082,combined_emb,0,0,0,2.23348626220706,0.18204322887563146,17.514569797002398
958,735.6237761418829,707.8902979512126,4693.007993699246,-27.733478190670326,combined_emb,0,0,0,2.1866063024145572,0.9417676959133526,20.5869097312158
959,818.6274060294393,484.62472526783495,4577.228067476381,-334.0026807616043,combined_emb,0,0,0,2.346529932614842,0.3376986844302494,18.783458720802003
960,626.8134439365974,760.6686899766365,3802.95949538346,133.8552460400391,office_emb,0,0,0,2.1596366627498895,0.8655981297479232,21.821979024340102
961,680.075062150903,677.5760921448295,4122.14769704075,-2.4989700060734776,combined_emb,0,0,0,2.183812659545082,0.4016690856728003,21.1876021655447
962,753.101998609823,385.7856642403336,4522.055401936377,-367.3163343694894,combined_emb,0,0,0,2.223555268031865,0.2355328341331281,19.2073894624257
963,732.4115256097947,516.5658001831323,3832.445275282891,-215.8457254266624,combined_emb,0,0,0,2.268043566995324,0.14698384836199227,17.664625725276903
964,869.0259237174432,459.48826815677785,4293.108578021915,-409.53765556066537,combined_emb,0,0,0,3.2246377974086853,0.27587958881780966,22.665032151811598
965,493.6253423677689,670.9346155977453,3120.0908606243465,177.30927322997638,office_emb,0,0,0,1.5910057319569846,0.12285552148254716,18.9524272017556
966,726.6422912052399,366.35385868661916,4115.145973492574,-360.2884325186207,combined_emb,0,0,0,2.2652142035082146,0.09686602448949821,18.7230190205434
967,725.6914575269288,510.65532791517376,4215.582904426307,-215.0361296117551,combined_emb,0,0,0,2.3769943748731905,0.7599091098060825,19.8663875170421
968,831.1595231488125,860.033894391894,3889.985951625145,28.874371243081555,office_emb,0,0,0,2.964314831301588,1.058840599854859,19.4696872315328
969,720.1799442066764,335.9250411407913,3565.3010567386714,-384.2549030658851,combined_emb,0,0,0,2.2513391781358796,0.01586204986319067,16.105362390953
970,499.3110006320441,475.0628057416363,3109.8054214746016,-24.24819489040783,combined_emb,0,0,0,1.6838324625572563,0.1823013189639293,19.6570945833281
971,737.6227014038652,458.43262522207186,4329.700688669017,-279.19007618179336,combined_emb,0,0,0,2.4134862052835646,0.254772296770132,20.7133520507456
972,681.2390154917275,433.44561709252326,3530.9370405249274,-247.79339839920425,combined_emb,0,0,0,2.419040296212735,0.022734961843035827,19.185237557729998
973,1004.6688634691408,423.1351316324203,4863.240025568339,-581.5337318367204,combined_emb,0,0,0,3.0912977296120276,0.31217279396753767,19.7022051047955
974,977.9725121178623,583.873872852603,4893.858138145822,-394.0986392652593,combined_emb,0,0,0,3.175890314025417,0.23522008701866692,21.0107629107871
975,700.7516029217361,474.6772554374004,3686.0454767436804,-226.0743474843357,combined_emb,0,0,0,2.6337048127663407,0.36603832739437114,19.6942335352384
976,916.4190548653236,463.166536206674,3990.6163882036244,-453.2525186586496,combined_emb,0,0,0,3.3010913401765687,0.324807052820287,19.5864408609254
977,893.5694757309777,390.9716826793241,5540.441789820771,-502.59779305165364,combined_emb,0,0,0,2.526638696318924,0.15654699914605488,21.1148798395132
978,651.6996579461147,561.3050575547752,3516.546072334158,-90.39460039133951,combined_emb,0,0,0,2.48795573590457,0.39415082972887183,21.5250910125223
979,778.308157934707,548.6204768405913,3618.0918872509305,-229.68768109411565,combined_emb,0,0,0,2.4834536876471756,0.4940425742967504,16.625057466357898
980,864.3184131551784,618.9404662817225,4485.253790210973,-245.37794687345593,combined_emb,0,0,0,2.685335773881029,0.5339822485028143,19.298667365609102
981,607.5652694107746,462.4143921039806,3155.0417628429736,-145.15087730679397,combined_emb,0,0,0,2.094013495283311,0.03612536958112314,18.4756063480221
982,683.6502881410206,549.0069255038104,3791.0067976228484,-134.6433626372102,combined_emb,0,0,0,2.323464491215525,0.18292887611565375,19.8246210089556
983,792.9362391956056,547.7663764711574,3872.3765436029466,-245.1698627244482,combined_emb,0,0,0,3.12366346444418,0.16892882725276934,21.3796317341152
984,603.6652335233355,392.21014291829255,3583.983807021625,-211.45509060504293,combined_emb,0,0,0,1.856143753522603,0.143225439626117,17.5464251305
985,632.0335532220197,550.6438977995549,3366.168408918492,-81.38965542246478,combined_emb,0,0,0,2.3287471623908638,0.042605545206063355,20.014221995000298
986,741.6643173617712,337.7787102266886,3675.04275880622,-403.8856071350826,combined_emb,0,0,0,2.11965675825453,0.003319631539237372,15.4231234451101
987,804.9315275540436,634.8649062460452,4121.959413707395,-170.0666213079984,combined_emb,0,0,0,2.5195343616857215,0.6846419338167072,18.495099263792397
988,673.7979458477753,423.36083196259165,3614.666202658802,-250.43711388518363,combined_emb,0,0,0,2.0488453846266066,0.11019227584579842,17.085306048442
989,581.641946759455,519.925098447675,3817.2761050698705,-61.71684831177993,combined_emb,0,0,0,1.9768136960437275,0.05893850720366697,21.785009604773
990,764.5078274804309,438.87470980189136,4195.031759825481,-325.6331176785396,combined_emb,0,0,0,2.755843220760492,0.05793332182045457,21.0717232487962
991,656.4697005112134,359.22857222530246,3458.2771946208113,-297.241128285911,combined_emb,0,0,0,2.4766201451313825,0.11061637205081519,20.6746749451796
992,603.6979602394855,358.5927305288955,3610.370705714365,-245.10522971058998,combined_emb,0,0,0,1.935007011340601,0.16284900885684384,18.5820389919253
993,590.5895159217835,417.84703103366627,2847.099656845591,-172.7424848881172,combined_emb,0,0,0,2.3773516026579475,0.374249818196381,19.197983941150397
994,663.9545366549531,715.561912523756,3807.6216195368133,51.60737586880282,office_emb,0,0,0,2.596926109091244,1.0094628408719393,21.9213097621115
995,993.3002368120832,752.1505231465533,3868.10087808868,-241.14971366552993,combined_emb,0,0,0,3.1505804395112986,0.5719227632217296,16.6410395819832
996,703.4647689462593,480.92372334004847,3581.3971213066966,-222.5410456062108,combined_emb,0,0,0,2.586264107768761,0.7406823429924462,20.0536226237245
997,783.6119745001656,481.17132778981005,3740.655701298325,-302.44064671035557,combined_emb,0,0,0,3.3437833311353375,0.7813024810969886,22.7710780095952
998,708.463654981703,568.6239373922095,4279.107363427647,-139.8397175894935,combined_emb,0,0,0,1.9161336255784338,0.052117158228074584,17.430912716105798
999,858.4502495673287,665.2556696759885,4227.004862670729,-193.19457989134014,combined_emb,0,0,0,3.062660499794411,0.7545860807470787,20.837337309061898
1000,913.8896768805107,427.3194777417116,4217.358476056377,-486.5701991387991,combined_emb,0,0,0,3.357626238567627,0.19382527258517013,21.4267453647815
