hospital,state,cpt_code,cpt_description,rate_basis,medicare_proxy_type,medicare_proxy_low,medicare_proxy_high,medicare_confidence,commercial_low,commercial_high,commercial_n_payers,commercial_confidence,notes,source_url,access_date
Memorial Hospital for Cancer and Allied Diseases (Memorial Sloan Kettering),NY,58100,Endometrial biopsy,professional,none_found,,,not_found,43.20,542.65,13,high,No Medicare/MA row anywhere in file; facility cdm vs local case-rate sections disagree ~4x for this code,https://www.mskcc.org/hpt/1/131924236_memorial-hospital-for-cancer-and-allied-diseases-nyc_standardcharges.json,2026-09-28
Memorial Hospital for Cancer and Allied Diseases (Memorial Sloan Kettering),NY,88305,Surgical pathology level IV,professional,none_found,,,not_found,38.44,352.07,13,high,No Medicare/MA row anywhere in file,https://www.mskcc.org/hpt/1/131924236_memorial-hospital-for-cancer-and-allied-diseases-nyc_standardcharges.json,2026-09-28
Memorial Hospital for Cancer and Allied Diseases (Memorial Sloan Kettering),NY,58120,Dilation and curettage,professional,none_found,,,not_found,153.52,1566.00,13,high,No Medicare/MA row anywhere in file,https://www.mskcc.org/hpt/1/131924236_memorial-hospital-for-cancer-and-allied-diseases-nyc_standardcharges.json,2026-09-28
Memorial Hospital for Cancer and Allied Diseases (Memorial Sloan Kettering),NY,99213,Office visit established level 3,professional,none_found,,,not_found,71.64,447.15,13,high,No Medicare/MA row anywhere in file,https://www.mskcc.org/hpt/1/131924236_memorial-hospital-for-cancer-and-allied-diseases-nyc_standardcharges.json,2026-09-28
Memorial Hospital for Cancer and Allied Diseases (Memorial Sloan Kettering),NY,G0105,Colonoscopy high-risk screening,facility,none_found,,,not_found,916.95,9784.00,9,medium,Aetna Gatekeeper facility row exactly equals unrelated 58120 row -- flagged possible template error,https://www.mskcc.org/hpt/1/131924236_memorial-hospital-for-cancer-and-allied-diseases-nyc_standardcharges.json,2026-09-28
Hospital of the University of Pennsylvania,PA,58100,Endometrial biopsy,facility,FFS,212.50,212.50,high,241.53,851.20,14,medium,~15 of 66 commercial rows equal gross charge exactly -- excluded as placeholders,https://tupa-q-001.sitecorecontenthub.cloud/api/public/content/231352685_the-trustees-of-the-university-of-pennsylvania-dba-the-hospital-of-the-univer_standardcharges.csv,2026-09-28
Hospital of the University of Pennsylvania,PA,88305,Surgical pathology level IV,facility,FFS,54.77,54.77,high,68.11,1030.38,14,medium,Same placeholder-row pattern as 58100,https://tupa-q-001.sitecorecontenthub.cloud/api/public/content/231352685_the-trustees-of-the-university-of-pennsylvania-dba-the-hospital-of-the-univer_standardcharges.csv,2026-09-28
Hospital of the University of Pennsylvania,PA,58120,Dilation and curettage,facility,FFS,3402.49,3402.49,high,1701.25,10791.00,14,low_medium,IBC Traditional $20525.67 outlier excluded; wide dispersion,https://tupa-q-001.sitecorecontenthub.cloud/api/public/content/231352685_the-trustees-of-the-university-of-pennsylvania-dba-the-hospital-of-the-univer_standardcharges.csv,2026-09-28
Hospital of the University of Pennsylvania,PA,99213,Office visit established level 3,facility,not_found,,,not_found,83.08,223.26,10,low_medium,"No Medicare row; ~15 rows equal $366 gross charge, excluded as placeholders",https://tupa-q-001.sitecorecontenthub.cloud/api/public/content/231352685_the-trustees-of-the-university-of-pennsylvania-dba-the-hospital-of-the-univer_standardcharges.csv,2026-09-28
Hospital of the University of Pennsylvania,PA,G0105,Colonoscopy high-risk screening,facility,FFS,977.46,977.46,high,189.27,2617.00,14,medium,Identical Medicare rate to 45378 confirms same APC -- positive consistency check; IBC Traditional $20525.67 excluded as outlier,https://tupa-q-001.sitecorecontenthub.cloud/api/public/content/231352685_the-trustees-of-the-university-of-pennsylvania-dba-the-hospital-of-the-univer_standardcharges.csv,2026-09-28
UT MD Anderson Cancer Center,TX,58100,Endometrial biopsy,professional,MA,58.00,69.60,medium,111.48,446.25,5,high,"Only Medicare Advantage published, no traditional FFS",https://www.mdanderson.org/content/dam/mdanderson/documents/patients-and-family/becoming-our-patient/planning-for-care/74-6001118_MD%20Anderson%20Cancer%20Center_StandardCharges.csv,2026-09-28
UT MD Anderson Cancer Center,TX,88305,Surgical pathology level IV,professional,MA,35.32,42.38,low_medium,22.30,336.60,5,medium,UHC professional rate ($22.30) is a low outlier close to MA rate -- flag,https://www.mdanderson.org/content/dam/mdanderson/documents/patients-and-family/becoming-our-patient/planning-for-care/74-6001118_MD%20Anderson%20Cancer%20Center_StandardCharges.csv,2026-09-28
UT MD Anderson Cancer Center,TX,58120,Dilation and curettage,professional,MA,218.69,262.43,high,415.69,1267.35,5,high,Tight 3-way MA convergence (MA/VACare/Tricare within $0.35),https://www.mdanderson.org/content/dam/mdanderson/documents/patients-and-family/becoming-our-patient/planning-for-care/74-6001118_MD%20Anderson%20Cancer%20Center_StandardCharges.csv,2026-09-28
UT MD Anderson Cancer Center,TX,99213,Office visit established level 3,professional,MA,58.85,70.62,high,100.12,161.50,5,high,UHC $34.38 outlier excluded,https://www.mdanderson.org/content/dam/mdanderson/documents/patients-and-family/becoming-our-patient/planning-for-care/74-6001118_MD%20Anderson%20Cancer%20Center_StandardCharges.csv,2026-09-28
UT MD Anderson Cancer Center,TX,G0105,Colonoscopy high-risk screening,facility,MA,909.16,1428.68,medium,2315.00,2646.00,5,high,"Also has TexasChildrens payer -- actually a Texas Medicaid MCO despite generic name, excluded from commercial",https://www.mdanderson.org/content/dam/mdanderson/documents/patients-and-family/becoming-our-patient/planning-for-care/74-6001118_MD%20Anderson%20Cancer%20Center_StandardCharges.csv,2026-09-28
Johns Hopkins Hospital,MD,58100,Endometrial biopsy,facility,not_found,,,not_found,,,0,not_found,Code not present anywhere in file,https://jhm-web-assets.s3.amazonaws.com/hopkinsmedicine/prod/charge-fees/520591656_JohnsHopkinsHospital_standardcharges.csv,2026-09-28
Johns Hopkins Hospital,MD,88305,Surgical pathology level IV,facility,not_found,,,not_found,,,0,not_found,"Code present only as gross/cash chargemaster lines, zero payer-negotiated rows published",https://jhm-web-assets.s3.amazonaws.com/hopkinsmedicine/prod/charge-fees/520591656_JohnsHopkinsHospital_standardcharges.csv,2026-09-28
Johns Hopkins Hospital,MD,58120,Dilation and curettage,facility,not_found,,,not_found,,,0,not_found,Code has no direct CPT-level row; priced only at APC bundle level,https://jhm-web-assets.s3.amazonaws.com/hopkinsmedicine/prod/charge-fees/520591656_JohnsHopkinsHospital_standardcharges.csv,2026-09-28
Johns Hopkins Hospital,MD,99213,Office visit established level 3,facility,not_found,,,not_found,,,0,not_found,"Gross/cash chargemaster only, zero payer-negotiated rows",https://jhm-web-assets.s3.amazonaws.com/hopkinsmedicine/prod/charge-fees/520591656_JohnsHopkinsHospital_standardcharges.csv,2026-09-28
Johns Hopkins Hospital,MD,G0105,Colonoscopy high-risk screening,facility,not_found,,,not_found,,,0,not_found,Code not present anywhere in file,https://jhm-web-assets.s3.amazonaws.com/hopkinsmedicine/prod/charge-fees/520591656_JohnsHopkinsHospital_standardcharges.csv,2026-09-28
Mayo Clinic Hospital Rochester,MN,58100,Endometrial biopsy,unknown,not_found,,,inconclusive,,,0,inconclusive,"File is 13.35GB; ~63% scanned (bytes 0-4.0GB and 7.6-12.0GB), zero matches found in scanned portion; remainder unscanned",https://mcorgstatic.blob.core.windows.net/cms-price/410944601_mayo-clinic-hospital-rochester_standardcharges.csv,2026-09-28
Mayo Clinic Hospital Rochester,MN,88305,Surgical pathology level IV,unknown,not_found,,,inconclusive,,,0,inconclusive,Same partial-coverage caveat as 58100,https://mcorgstatic.blob.core.windows.net/cms-price/410944601_mayo-clinic-hospital-rochester_standardcharges.csv,2026-09-28
Mayo Clinic Hospital Rochester,MN,58120,Dilation and curettage,unknown,not_found,,,inconclusive,,,0,inconclusive,Same partial-coverage caveat as 58100,https://mcorgstatic.blob.core.windows.net/cms-price/410944601_mayo-clinic-hospital-rochester_standardcharges.csv,2026-09-28
Mayo Clinic Hospital Rochester,MN,99213,Office visit established level 3,unknown,not_found,,,inconclusive,,,0,inconclusive,Same partial-coverage caveat as 58100,https://mcorgstatic.blob.core.windows.net/cms-price/410944601_mayo-clinic-hospital-rochester_standardcharges.csv,2026-09-28
Mayo Clinic Hospital Rochester,MN,G0105,Colonoscopy high-risk screening,unknown,not_found,,,inconclusive,,,0,inconclusive,Same partial-coverage caveat as 58100,https://mcorgstatic.blob.core.windows.net/cms-price/410944601_mayo-clinic-hospital-rochester_standardcharges.csv,2026-09-28
Cleveland Clinic Foundation (Main Campus),OH,58100,Endometrial biopsy,professional,MA,54.68,60.95,high,113.94,478.80,15,medium,MMO Medicare HMO/PPO (~$198-204) and PPHP excluded as outliers,https://clevelandclinic.pt.panaceainc.com/MRFDownload/clevelandclinic/clevelandclinic,2026-09-28
Cleveland Clinic Foundation (Main Campus),OH,88305,Surgical pathology level IV,professional,MA,49.30,71.87,high,124.62,297.00,15,medium,Same MMO/PPHP exclusions as 58100,https://clevelandclinic.pt.panaceainc.com/MRFDownload/clevelandclinic/clevelandclinic,2026-09-28
Cleveland Clinic Foundation (Main Campus),OH,58120,Dilation and curettage,professional,MA,204.76,220.45,high,418.86,1292.40,15,medium,"MMO Medicare HMO/PPO ~3x cluster, excluded as outlier",https://clevelandclinic.pt.panaceainc.com/MRFDownload/clevelandclinic/clevelandclinic,2026-09-28
Cleveland Clinic Foundation (Main Campus),OH,99213,Office visit established level 3,professional,MA,56.80,62.19,high,26.45,160.59,15,medium,Same MMO/PPHP exclusions as 58100,https://clevelandclinic.pt.panaceainc.com/MRFDownload/clevelandclinic/clevelandclinic,2026-09-28
Cleveland Clinic Foundation (Main Campus),OH,G0105,Colonoscopy high-risk screening,facility,MA,214.53,967.79,high,230.91,5265.00,15,high,Facility G0105 rates identical to 45378 (shared fee schedule),https://clevelandclinic.pt.panaceainc.com/MRFDownload/clevelandclinic/clevelandclinic,2026-09-28
Duke University Hospital,NC,58100,Endometrial biopsy,facility,MA,193.54,194.08,high,267.04,616.90,4,medium,Only claims-backed (count>0) rows used; several chargemaster-only rows excluded,https://rca.elevatepfs.com/ptapp/api/cdm/export/oneclick?recno=fad40f5dd5e6b2097ff0a8f592b095fac2e3a3eeef64efd5ca2b56f564a91e8e,2026-09-28
Duke University Hospital,NC,88305,Surgical pathology level IV,facility,MA,51.40,61.35,high,92.35,245.15,5,medium_high,Large real claims volumes (n up to 1702); only claims-backed rows used,https://rca.elevatepfs.com/ptapp/api/cdm/export/oneclick?recno=fad40f5dd5e6b2097ff0a8f592b095fac2e3a3eeef64efd5ca2b56f564a91e8e,2026-09-28
Duke University Hospital,NC,58120,Dilation and curettage,facility,MA,3073.46,3102.47,medium_high,3507.35,5739.55,2,low_medium,Only 2 claims-backed commercial payers found,https://rca.elevatepfs.com/ptapp/api/cdm/export/oneclick?recno=fad40f5dd5e6b2097ff0a8f592b095fac2e3a3eeef64efd5ca2b56f564a91e8e,2026-09-28
Duke University Hospital,NC,99213,Office visit established level 3,professional,not_found,,,not_found,,,0,not_found,Every payer row for this code is flagged zero real claims -- no usable rate,https://rca.elevatepfs.com/ptapp/api/cdm/export/oneclick?recno=fad40f5dd5e6b2097ff0a8f592b095fac2e3a3eeef64efd5ca2b56f564a91e8e,2026-09-28
Duke University Hospital,NC,G0105,Colonoscopy high-risk screening,facility,MA,877.14,877.14,medium_high,,,0,not_found,"Medicare Advantage found (n=2, claims-backed); no claims-backed commercial rate exists for this code",https://rca.elevatepfs.com/ptapp/api/cdm/export/oneclick?recno=fad40f5dd5e6b2097ff0a8f592b095fac2e3a3eeef64efd5ca2b56f564a91e8e,2026-09-28
University of Washington Medical Center,WA,58100,Endometrial biopsy,facility,not_found,,,not_found,,,0,not_found,"Site bot-blocked (Akamai); fell back to a truncated Wayback Machine snapshot containing only gross/cash chargemaster data, no payer rates for any code",https://www.uwmedicine.org/sites/stevie/files/mrf/916001537_university-of-washington-medical-center_standardcharges.json,2026-09-28
University of Washington Medical Center,WA,88305,Surgical pathology level IV,facility,not_found,,,not_found,,,0,not_found,Same blocked/truncated-snapshot caveat as 58100,https://www.uwmedicine.org/sites/stevie/files/mrf/916001537_university-of-washington-medical-center_standardcharges.json,2026-09-28
University of Washington Medical Center,WA,58120,Dilation and curettage,facility,not_found,,,not_found,,,0,not_found,Same blocked/truncated-snapshot caveat as 58100,https://www.uwmedicine.org/sites/stevie/files/mrf/916001537_university-of-washington-medical-center_standardcharges.json,2026-09-28
University of Washington Medical Center,WA,99213,Office visit established level 3,facility,not_found,,,not_found,,,0,not_found,Same blocked/truncated-snapshot caveat as 58100,https://www.uwmedicine.org/sites/stevie/files/mrf/916001537_university-of-washington-medical-center_standardcharges.json,2026-09-28
University of Washington Medical Center,WA,G0105,Colonoscopy high-risk screening,facility,not_found,,,not_found,,,0,not_found,Same blocked/truncated-snapshot caveat as 58100,https://www.uwmedicine.org/sites/stevie/files/mrf/916001537_university-of-washington-medical-center_standardcharges.json,2026-09-28
Vanderbilt University Medical Center,TN,58100,Endometrial biopsy,professional,MA,77.85,98.92,medium_high,285.67,307.54,5,high,"Several small single-employer TPA plans show an identical $437.21 placeholder, excluded",https://finance.vumc.org/assets/pub/pt/352528741_vanderbilt-university-medical-center_standardcharges.json,2026-09-28
Vanderbilt University Medical Center,TN,88305,Surgical pathology level IV,professional,MA,55.59,70.63,high,119.54,227.47,3,high,Cigna $0.01 placeholder rows excluded,https://finance.vumc.org/assets/pub/pt/352528741_vanderbilt-university-medical-center_standardcharges.json,2026-09-28
Vanderbilt University Medical Center,TN,58120,Dilation and curettage,professional,MA,229.46,291.55,medium,330.72,425.76,3,low,Several commercial/MA rows cluster at $819 = gross charge -- excluded as ceiling placeholders,https://finance.vumc.org/assets/pub/pt/352528741_vanderbilt-university-medical-center_standardcharges.json,2026-09-28
Vanderbilt University Medical Center,TN,99213,Office visit established level 3,professional,MA,70.86,90.04,high,106.62,190.65,4,high,$0.01 floor outliers excluded,https://finance.vumc.org/assets/pub/pt/352528741_vanderbilt-university-medical-center_standardcharges.json,2026-09-28
Vanderbilt University Medical Center,TN,G0105,Colonoscopy high-risk screening,professional,MA,259.44,329.64,medium_high,376.97,428.96,2,medium,$888 ceiling-placeholder rows (=gross charge) excluded from commercial,https://finance.vumc.org/assets/pub/pt/352528741_vanderbilt-university-medical-center_standardcharges.json,2026-09-28
University of Michigan Health (University Hospital),MI,58100,Endometrial biopsy,professional,MA,55.83,58.62,high,94.91,265.00,5,medium,~13 of 27 commercial rows are duplicate pass-through network rates off the same contract,https://www.uofmhealth.org/386006309_university-of-michigan-health_standardcharges4-1-2026.zip,2026-09-28
University of Michigan Health (University Hospital),MI,88305,Surgical pathology level IV,professional,MA,28.07,36.84,high,67.35,266.00,5,medium,Same duplicate-network-row caveat as 58100,https://www.uofmhealth.org/386006309_university-of-michigan-health_standardcharges4-1-2026.zip,2026-09-28
University of Michigan Health (University Hospital),MI,58120,Dilation and curettage,professional,MA,192.82,253.08,high,458.96,836.00,5,medium,"Priority Health PPO row = gross charge exactly, flagged; outpatient/inpatient gross mismatch noted",https://www.uofmhealth.org/386006309_university-of-michigan-health_standardcharges4-1-2026.zip,2026-09-28
University of Michigan Health (University Hospital),MI,99213,Office visit established level 3,professional,MA,44.82,58.82,high,48.31,88.00,5,medium_high,Narrower spread than other codes here; still has duplicate-network caveat,https://www.uofmhealth.org/386006309_university-of-michigan-health_standardcharges4-1-2026.zip,2026-09-28
University of Michigan Health (University Hospital),MI,G0105,Colonoscopy high-risk screening,facility,MA,1608.02,3113.19,high,1608.02,3113.19,5,medium,"Also has genuine Medicaid FFS rate ($116.72-$215.77), rare in this dataset",https://www.uofmhealth.org/386006309_university-of-michigan-health_standardcharges4-1-2026.zip,2026-09-28
University of Alabama Hospital (UAB),AL,58100,Endometrial biopsy,facility,MA,180.11,194.52,high,247.65,584.10,5,medium,Several rental-network rows sit exactly at the 90th-percentile ceiling value -- flagged,https://cdn.hs.uab.edu/static/63-6005396_University-of-Alabama-Hospital_standardcharges.zip,2026-09-28
University of Alabama Hospital (UAB),AL,88305,Surgical pathology level IV,facility,MA,47.84,51.67,high,33.87,413.95,5,low_medium,Aetna/UHC/Viva far below MA cluster -- likely bundled lab contracts not standalone rates,https://cdn.hs.uab.edu/static/63-6005396_University-of-Alabama-Hospital_standardcharges.zip,2026-09-28
University of Alabama Hospital (UAB),AL,58120,Dilation and curettage,facility,not_found,,,not_found,,,0,not_found,Code not present in file (not billed/published under this CPT at UAB),https://cdn.hs.uab.edu/static/63-6005396_University-of-Alabama-Hospital_standardcharges.zip,2026-09-28
University of Alabama Hospital (UAB),AL,99213,Office visit established level 3,facility,not_found,,,not_found,,,0,not_found,This is a facility-only MRF; professional/E&M codes not published,https://cdn.hs.uab.edu/static/63-6005396_University-of-Alabama-Hospital_standardcharges.zip,2026-09-28
University of Alabama Hospital (UAB),AL,G0105,Colonoscopy high-risk screening,facility,MA,816.25,881.55,high,1122.34,3252.63,5,medium,Several rental-network rows at 90th-pct ceiling flagged; Viva shows two conflicting rates for same plan,https://cdn.hs.uab.edu/static/63-6005396_University-of-Alabama-Hospital_standardcharges.zip,2026-09-28
UCI Medical Center (UC Irvine Health),CA,58100,Endometrial biopsy,facility,MA,260.03,325.03,medium_high,377.04,676.07,4,low,Aetna $8064.06 is a 12-20x outlier matching the file's own maximum field -- excluded,https://www.ucihealth.org/pricetransparency/952226406_regents-of-the-university-of-california-at-irvine-hospital_standardcharges.json,2026-09-28
UCI Medical Center (UC Irvine Health),CA,88305,Surgical pathology level IV,facility,MA,47.84,51.67,medium_high,97.18,174.26,4,medium,No Aetna commercial row for this code (only Aetna MA),https://www.ucihealth.org/pricetransparency/952226406_regents-of-the-university-of-california-at-irvine-hospital_standardcharges.json,2026-09-28
UCI Medical Center (UC Irvine Health),CA,58120,Dilation and curettage,facility,MA,4163.48,5204.36,medium_high,6037.05,10825.06,4,medium,"Aetna commercial $9135 sits mid-pack here, less anomalous than on other codes",https://www.ucihealth.org/pricetransparency/952226406_regents-of-the-university-of-california-at-irvine-hospital_standardcharges.json,2026-09-28
UCI Medical Center (UC Irvine Health),CA,99213,Office visit established level 3,facility,not_found,,,not_found,,,0,not_found,"Facility MRF publishes only gross/cash for this code, no payer rows",https://www.ucihealth.org/pricetransparency/952226406_regents-of-the-university-of-california-at-irvine-hospital_standardcharges.json,2026-09-28
UCI Medical Center (UC Irvine Health),CA,G0105,Colonoscopy high-risk screening,facility,MA,1196.08,1495.10,medium_high,1734.32,3109.81,4,low,45378 and G0105 payer tables are byte-identical -- one data point not two; Aetna $9135 excluded as templated ceiling,https://www.ucihealth.org/pricetransparency/952226406_regents-of-the-university-of-california-at-irvine-hospital_standardcharges.json,2026-09-28
UCHealth University of Colorado Hospital,CO,58100,Endometrial biopsy,facility,not_found,,,not_found,711.00,2273.00,6,medium,Only 38% of 437MB file scanned; no Medicare/MA row found for this code in scanned range,https://sthpiprd.blob.core.windows.net/machine-readable-files/8086/841179794_university-of-colorado-hospital-authority_standardcharges.csv,2026-09-28
UCHealth University of Colorado Hospital,CO,88305,Surgical pathology level IV,facility,FFS,53.70,53.70,high,124.98,224.10,7,medium_high,Matches existing repo colonoscopy dataset's Medicare methodology; partial 38% file coverage,https://sthpiprd.blob.core.windows.net/machine-readable-files/8086/841179794_university-of-colorado-hospital-authority_standardcharges.csv,2026-09-28
UCHealth University of Colorado Hospital,CO,58120,Dilation and curettage,facility,not_found,,,not_found,6097.00,6574.00,2,low,Only 38% of file scanned; only 2 commercial rows reached before cutoff,https://sthpiprd.blob.core.windows.net/machine-readable-files/8086/841179794_university-of-colorado-hospital-authority_standardcharges.csv,2026-09-28
UCHealth University of Colorado Hospital,CO,99213,Office visit established level 3,facility,not_found,,,not_found,,,0,not_found,Not reached within 38% of file scanned,https://sthpiprd.blob.core.windows.net/machine-readable-files/8086/841179794_university-of-colorado-hospital-authority_standardcharges.csv,2026-09-28
UCHealth University of Colorado Hospital,CO,G0105,Colonoscopy high-risk screening,facility,FFS,916.25,916.25,high,492.70,5932.00,39,high,CONFIRMS existing repo value in colonoscopy_multi_hospital_rates.csv exactly ($916.25) -- independent cross-validation,https://sthpiprd.blob.core.windows.net/machine-readable-files/8086/841179794_university-of-colorado-hospital-authority_standardcharges.csv,2026-09-28
AdventHealth Orlando,FL,58100,Endometrial biopsy,facility,MA,211.12,225.90,medium,354.43,559.48,2,low,"Only 2 commercial rows found, both individual ACA marketplace plans not employer-group commercial",https://cleverleypteusstatic.blob.core.windows.net/readable/590724459_adventhealth-orlando_standardcharges.json,2026-09-28
AdventHealth Orlando,FL,88305,Surgical pathology level IV,facility,MA,54.42,58.23,medium,91.36,144.21,2,low,Same thin-coverage caveat as 58100,https://cleverleypteusstatic.blob.core.windows.net/readable/590724459_adventhealth-orlando_standardcharges.json,2026-09-28
AdventHealth Orlando,FL,58120,Dilation and curettage,facility,MA,3380.46,3617.09,medium,5675.12,8958.23,2,low,Same thin-coverage caveat as 58100,https://cleverleypteusstatic.blob.core.windows.net/readable/590724459_adventhealth-orlando_standardcharges.json,2026-09-28
AdventHealth Orlando,FL,99213,Office visit established level 3,facility,not_found,,,not_found,87.00,704.00,0,not_found,"Only chargemaster gross/list price found, internally inconsistent ($87 vs $704), no payer rows",https://cleverleypteusstatic.blob.core.windows.net/readable/590724459_adventhealth-orlando_standardcharges.json,2026-09-28
AdventHealth Orlando,FL,G0105,Colonoscopy high-risk screening,facility,MA,971.14,1039.11,medium,1630.34,2573.51,2,low,G0105 rows identical to 45378 -- one data point not two,https://cleverleypteusstatic.blob.core.windows.net/readable/590724459_adventhealth-orlando_standardcharges.json,2026-09-28
Mount Sinai Hospital,NY,58100,Endometrial biopsy,facility,not_found,,,not_found,,,0,not_found,Site fully blocked by Akamai bot protection (even the plain HTML landing page returned 403); file confirmed to exist and exceed 10MB but could not be downloaded,https://www.mountsinai.org/files/mrf/131624096_mount-sinai-hospital_standardcharges.json,2026-09-28
Mount Sinai Hospital,NY,88305,Surgical pathology level IV,facility,not_found,,,not_found,,,0,not_found,Same site-wide block as 58100,https://www.mountsinai.org/files/mrf/131624096_mount-sinai-hospital_standardcharges.json,2026-09-28
Mount Sinai Hospital,NY,58120,Dilation and curettage,facility,not_found,,,not_found,,,0,not_found,Same site-wide block as 58100,https://www.mountsinai.org/files/mrf/131624096_mount-sinai-hospital_standardcharges.json,2026-09-28
Mount Sinai Hospital,NY,99213,Office visit established level 3,facility,not_found,,,not_found,,,0,not_found,Same site-wide block as 58100,https://www.mountsinai.org/files/mrf/131624096_mount-sinai-hospital_standardcharges.json,2026-09-28
Mount Sinai Hospital,NY,G0105,Colonoscopy high-risk screening,facility,not_found,,,not_found,,,0,not_found,Same site-wide block as 58100,https://www.mountsinai.org/files/mrf/131624096_mount-sinai-hospital_standardcharges.json,2026-09-28
Tufts Medical Center,MA,58100,Endometrial biopsy,facility,not_found,,,not_found,,,0,not_found,"Site blocked by Akamai bot protection on every access path tried (index file, both domain variants, direct MRF URL); candidate file URL located but never verified by direct download",https://www.tuftsmedicine.org/sites/default/files/2026-03/043400617_tuftsmedicalcenter_standardcharges.csv.zip,2026-09-28
Tufts Medical Center,MA,88305,Surgical pathology level IV,facility,not_found,,,not_found,,,0,not_found,Same site-wide block as 58100,https://www.tuftsmedicine.org/sites/default/files/2026-03/043400617_tuftsmedicalcenter_standardcharges.csv.zip,2026-09-28
Tufts Medical Center,MA,58120,Dilation and curettage,facility,not_found,,,not_found,,,0,not_found,Same site-wide block as 58100,https://www.tuftsmedicine.org/sites/default/files/2026-03/043400617_tuftsmedicalcenter_standardcharges.csv.zip,2026-09-28
Tufts Medical Center,MA,99213,Office visit established level 3,facility,not_found,,,not_found,,,0,not_found,Same site-wide block as 58100,https://www.tuftsmedicine.org/sites/default/files/2026-03/043400617_tuftsmedicalcenter_standardcharges.csv.zip,2026-09-28
Tufts Medical Center,MA,G0105,Colonoscopy high-risk screening,facility,not_found,,,not_found,,,0,not_found,Same site-wide block as 58100,https://www.tuftsmedicine.org/sites/default/files/2026-03/043400617_tuftsmedicalcenter_standardcharges.csv.zip,2026-09-28
Walter Reed National Military Medical Center,MD,58100,Endometrial biopsy,not_applicable,not_applicable,,,not_applicable,,,0,not_applicable,"Federal military treatment facility -- exempt from 45 CFR 180 hospital price-transparency rule; no MRF exists to find. TRICARE reimbursement is statutory/regulated, not payer-negotiated",not_applicable,2026-09-28
Walter Reed National Military Medical Center,MD,88305,Surgical pathology level IV,not_applicable,not_applicable,,,not_applicable,,,0,not_applicable,Same exemption as 58100,not_applicable,2026-09-28
Walter Reed National Military Medical Center,MD,58120,Dilation and curettage,not_applicable,not_applicable,,,not_applicable,,,0,not_applicable,Same exemption as 58100,not_applicable,2026-09-28
Walter Reed National Military Medical Center,MD,99213,Office visit established level 3,not_applicable,not_applicable,,,not_applicable,,,0,not_applicable,Same exemption as 58100,not_applicable,2026-09-28
Walter Reed National Military Medical Center,MD,G0105,Colonoscopy high-risk screening,not_applicable,not_applicable,,,not_applicable,,,0,not_applicable,Same exemption as 58100,not_applicable,2026-09-28
University of Kentucky Albert B. Chandler Hospital,KY,58100,Endometrial biopsy,facility,MA,197.44,201.39,medium,493.60,493.60,1,low,Only one true commercial payer row found for this code (Alliance Coal),https://cleverleypteusstatic.blob.core.windows.net/readable/616001218_university-of-kentucky-hospital_standardcharges.json,2026-09-28
University of Kentucky Albert B. Chandler Hospital,KY,88305,Surgical pathology level IV,facility,MA,50.89,51.91,high,36.44,127.23,8,high,All 5 Medicaid-MCO rows identical at $61.81 -- plausible uniform state fee schedule,https://cleverleypteusstatic.blob.core.windows.net/readable/616001218_university-of-kentucky-hospital_standardcharges.json,2026-09-28
University of Kentucky Albert B. Chandler Hospital,KY,58120,Dilation and curettage,facility,MA,3161.39,3224.62,medium,3470.00,4059.00,4,low_medium,BCBS commercial rates byte-identical across 58120/45378/G0105 -- likely shared table not code-specific,https://cleverleypteusstatic.blob.core.windows.net/readable/616001218_university-of-kentucky-hospital_standardcharges.json,2026-09-28
University of Kentucky Albert B. Chandler Hospital,KY,99213,Office visit established level 3,facility,not_found,,,not_found,,,0,not_found,Facility-only file; no CPT/HCPCS E/M code type present at all,https://cleverleypteusstatic.blob.core.windows.net/readable/616001218_university-of-kentucky-hospital_standardcharges.json,2026-09-28
University of Kentucky Albert B. Chandler Hospital,KY,G0105,Colonoscopy high-risk screening,facility,MA,908.20,926.36,medium,3470.00,4059.00,4,low,Entire payer-rate block is byte-identical to 45378 -- treat as one data point not two,https://cleverleypteusstatic.blob.core.windows.net/readable/616001218_university-of-kentucky-hospital_standardcharges.json,2026-09-28
Barnes-Jewish Hospital,MO,58100,Endometrial biopsy,facility,MA,202.50,202.50,high,5086.00,10264.00,3,medium,"Most commercial rows are zero-claims placeholders, excluded; real-claims rows only",https://www.bjc.org/hpt/6/237309937_BarnesJewishHospital_standardcharges.json,2026-09-28
Barnes-Jewish Hospital,MO,88305,Surgical pathology level IV,facility,MA,52.20,52.20,high,48.87,318.42,9,high,Large real claims volumes (counts up to 1086),https://www.bjc.org/hpt/6/237309937_BarnesJewishHospital_standardcharges.json,2026-09-28
Barnes-Jewish Hospital,MO,58120,Dilation and curettage,facility,MA,3242.35,3242.35,medium,10264.00,10264.00,1,low,Real claims data is thin (count 1-10 only) for this code,https://www.bjc.org/hpt/6/237309937_BarnesJewishHospital_standardcharges.json,2026-09-28
Barnes-Jewish Hospital,MO,99213,Office visit established level 3,facility,not_found,,,not_found,,,0,not_found,Code not present in file,https://www.bjc.org/hpt/6/237309937_BarnesJewishHospital_standardcharges.json,2026-09-28
Barnes-Jewish Hospital,MO,G0105,Colonoscopy high-risk screening,facility,not_found,,,not_found,,,0,not_found,Code not present in file (only 45378 published),https://www.bjc.org/hpt/6/237309937_BarnesJewishHospital_standardcharges.json,2026-09-28
Barnes-Jewish Hospital,MO,45378,Colonoscopy diagnostic,facility,MA,931.46,931.46,high,2621.00,4641.00,6,medium_high,Real claims counts up to 90; used in place of G0105 which this hospital does not publish,https://www.bjc.org/hpt/6/237309937_BarnesJewishHospital_standardcharges.json,2026-09-28
The Ohio State University Wexner Medical Center,OH,58100,Endometrial biopsy,facility,implied,1.93,1.93,low,2.12,515.00,17,low,"Medicare figure is a fragmentary per-line EAPG allocation, not full-procedure payment -- do not use at face value",https://wexnermedical.osu.edu/files/31-1340739_ohio-state-university-hospitals_standardcharges.csv.zip,2026-09-28
The Ohio State University Wexner Medical Center,OH,88305,Surgical pathology level IV,facility,implied,0.96,0.96,low,1.06,283.74,16,low,"Same fragmentary-allocation caveat as 58100; most commercial rows are a flat % markdown of gross charge, not real negotiation",https://wexnermedical.osu.edu/files/31-1340739_ohio-state-university-hospitals_standardcharges.csv.zip,2026-09-28
The Ohio State University Wexner Medical Center,OH,58120,Dilation and curettage,facility,implied,34.72,34.72,low,38.19,7508.33,16,low,Same fragmentary-allocation and gross-charge-markdown caveats as 58100,https://wexnermedical.osu.edu/files/31-1340739_ohio-state-university-hospitals_standardcharges.csv.zip,2026-09-28
The Ohio State University Wexner Medical Center,OH,99213,Office visit established level 3,facility,not_found,,,not_found,72.90,231.26,11,low,No Medicare-proxy derivable for this code; commercial rows also mostly flat markdowns of gross charge,https://wexnermedical.osu.edu/files/31-1340739_ohio-state-university-hospitals_standardcharges.csv.zip,2026-09-28
The Ohio State University Wexner Medical Center,OH,G0105,Colonoscopy high-risk screening,facility,implied,9.65,9.65,low,10.61,2541.97,16,low,45378 and G0105 are byte-identical (shared chargemaster line); same fragmentary/markdown caveats as 58100,https://wexnermedical.osu.edu/files/31-1340739_ohio-state-university-hospitals_standardcharges.csv.zip,2026-09-28
OU Health University of Oklahoma Medical Center,OK,58100,Endometrial biopsy,facility,MA,193.49,205.10,high,199.29,1173.00,3,low_medium,Aetna Open Choice PPO shows an identical $448 flat rate across every code regardless of procedure -- excluded as placeholder,https://apim.services.craneware.com/api-pricing-transparency/api/public/ebdcd27316bbcd47fb02c60d601d05cc/charges/mrf,2026-09-28
OU Health University of Oklahoma Medical Center,OK,88305,Surgical pathology level IV,facility,MA,49.87,52.86,high,51.37,84.78,3,low,Aetna HMO/Managed Choice do not appear for this code; dominated by the suspect flat-$448 line,https://apim.services.craneware.com/api-pricing-transparency/api/public/ebdcd27316bbcd47fb02c60d601d05cc/charges/mrf,2026-09-28
OU Health University of Oklahoma Medical Center,OK,58120,Dilation and curettage,facility,MA,3098.11,3284.00,high,3191.05,5266.79,2,low_medium,Same flat-$448 Aetna placeholder excluded,https://apim.services.craneware.com/api-pricing-transparency/api/public/ebdcd27316bbcd47fb02c60d601d05cc/charges/mrf,2026-09-28
OU Health University of Oklahoma Medical Center,OK,99213,Office visit established level 3,facility,MA,55.60,58.94,high,57.27,94.52,2,low,"Aetna $448 for a ~$250-310 gross office visit -- clearly implausible, excluded",https://apim.services.craneware.com/api-pricing-transparency/api/public/ebdcd27316bbcd47fb02c60d601d05cc/charges/mrf,2026-09-28
OU Health University of Oklahoma Medical Center,OK,G0105,Colonoscopy high-risk screening,facility,MA,890.03,943.43,high,916.73,1513.05,2,low,UHC All Payer Appendix inconsistently exceeds gross charge on some rows -- flagged low reliability,https://apim.services.craneware.com/api-pricing-transparency/api/public/ebdcd27316bbcd47fb02c60d601d05cc/charges/mrf,2026-09-28
UPMC Presbyterian (shared with Montefiore/Shadyside campuses),PA,58100,Endometrial biopsy,facility,MA,207.13,211.00,low,405.35,2713.20,14,medium_high,"File is shared across 3 UPMC campuses, not Presbyterian-specific; Fidelis $2394 outlier excluded",https://dam.upmc.com/-/media/upmc/locations/hospitals/documents/cdm-json-files/250965480_upmc-presbyterian-shadyside_standardcharges.csv,2026-09-28
UPMC Presbyterian (shared with Montefiore/Shadyside campuses),PA,88305,Surgical pathology level IV,facility,MA,55.02,56.03,low,29.32,1170.45,14,medium_high,Same 3-campus-shared-file and Fidelis-outlier caveats as 58100,https://dam.upmc.com/-/media/upmc/locations/hospitals/documents/cdm-json-files/250965480_upmc-presbyterian-shadyside_standardcharges.csv,2026-09-28
UPMC Presbyterian (shared with Montefiore/Shadyside campuses),PA,58120,Dilation and curettage,facility,not_found,,,not_found,,,0,not_found,Code not present in file at all,https://dam.upmc.com/-/media/upmc/locations/hospitals/documents/cdm-json-files/250965480_upmc-presbyterian-shadyside_standardcharges.csv,2026-09-28
UPMC Presbyterian (shared with Montefiore/Shadyside campuses),PA,99213,Office visit established level 3,facility,MA,36.08,123.00,low,112.89,302.38,13,medium,Wide MA spread ($36-$123) undermines confidence; Highmark UPMC Emergent $302.38 is a high outlier,https://dam.upmc.com/-/media/upmc/locations/hospitals/documents/cdm-json-files/250965480_upmc-presbyterian-shadyside_standardcharges.csv,2026-09-28
UPMC Presbyterian (shared with Montefiore/Shadyside campuses),PA,G0105,Colonoscopy high-risk screening,facility,MA,792.58,956.13,low,1625.00,5403.72,13,medium,UPMC Health Plan Commercial rate for G0105 ($3624.67) is far above its own 45378 rate ($880.96) for a near-identical procedure -- internal inconsistency flagged,https://dam.upmc.com/-/media/upmc/locations/hospitals/documents/cdm-json-files/250965480_upmc-presbyterian-shadyside_standardcharges.csv,2026-09-28
H. Lee Moffitt Cancer Center,FL,58100,Endometrial biopsy,professional,MA,58.26,64.09,medium,81.56,102.82,4,medium,"Primary data table (90% of rows) is 100% formula-derived with zero real claims and excluded; this uses the smaller, non-flagged table,https://eforms.moffitt.org/Moffittcancercenter_standardcharges/593238634_H.-Lee-Moffitt-Cancer-Center-and-Research-Institute-Hospital",-Inc._standardcharges.csv,2026-09-28
H. Lee Moffitt Cancer Center,FL,88305,Surgical pathology level IV,professional,MA,33.71,38.26,medium,32.63,52.17,2,medium,"Same primary-table exclusion as 58100,https://eforms.moffitt.org/Moffittcancercenter_standardcharges/593238634_H.-Lee-Moffitt-Cancer-Center-and-Research-Institute-Hospital",-Inc._standardcharges.csv,2026-09-28
H. Lee Moffitt Cancer Center,FL,58120,Dilation and curettage,professional,MA,174.04,191.45,medium,243.66,286.40,4,medium,"One row labeled Medicare Advantage ($287.43) is a high outlier and may be mislabeled -- flagged,https://eforms.moffitt.org/Moffittcancercenter_standardcharges/593238634_H.-Lee-Moffitt-Cancer-Center-and-Research-Institute-Hospital",-Inc._standardcharges.csv,2026-09-28
H. Lee Moffitt Cancer Center,FL,99213,Office visit established level 3,professional,not_found,,,not_found,65.45,65.45,1,low,"Only one usable payer row found for this code across both data tables,https://eforms.moffitt.org/Moffittcancercenter_standardcharges/593238634_H.-Lee-Moffitt-Cancer-Center-and-Research-Institute-Hospital",-Inc._standardcharges.csv,2026-09-28
H. Lee Moffitt Cancer Center,FL,G0105,Colonoscopy high-risk screening,facility,not_found,,,not_found,5086.00,5086.00,1,low,"Only single-payer (n=1) facility row found; facility rate notably lower than its own 45378 facility rate ($8656) despite Table 1 listing them as identical -- real divergence,https://eforms.moffitt.org/Moffittcancercenter_standardcharges/593238634_H.-Lee-Moffitt-Cancer-Center-and-Research-Institute-Hospital",-Inc._standardcharges.csv,2026-09-28
Tampa General Hospital,FL,58100,Endometrial biopsy,facility,MA,211.12,236.46,medium_high,317.00,972.00,7,low_medium,Health First Health Plans is a consistent 1.5-1.8x outlier vs the rest of the MA cluster on every code -- excluded from range,https://www.tgh.org/-/media/files/patients-and-visitors/593458145_tampa-general-hospital_standardcharges.csv,2026-09-28
Tampa General Hospital,FL,88305,Surgical pathology level IV,facility,MA,54.42,60.95,medium_high,81.63,108.84,6,low_medium,Same Health First outlier exclusion as 58100,https://www.tgh.org/-/media/files/patients-and-visitors/593458145_tampa-general-hospital_standardcharges.csv,2026-09-28
Tampa General Hospital,FL,58120,Dilation and curettage,facility,MA,3380.46,3786.12,medium,1326.84,6760.92,14,low,Same Health First outlier exclusion; extremely wide commercial dispersion (~5x),https://www.tgh.org/-/media/files/patients-and-visitors/593458145_tampa-general-hospital_standardcharges.csv,2026-09-28
Tampa General Hospital,FL,99213,Office visit established level 3,facility,not_found,,,not_found,,,0,not_found,"No payer-specific negotiated rates published for this code, only chargemaster gross/cash",https://www.tgh.org/-/media/files/patients-and-visitors/593458145_tampa-general-hospital_standardcharges.csv,2026-09-28
Tampa General Hospital,FL,G0105,Colonoscopy high-risk screening,facility,MA,971.14,1087.67,medium_high,1470.49,2121.00,14,medium,Same Health First outlier exclusion; UHC Exchange $940 unusually low vs its own HMO/POS rate $1297,https://www.tgh.org/-/media/files/patients-and-visitors/593458145_tampa-general-hospital_standardcharges.csv,2026-09-28
Corewell Health William Beaumont University Hospital,MI,58100,Endometrial biopsy,facility,MA,187.34,271.95,medium,113.84,176.86,3,high,"Two duplicate CDM lines for this code found, flagged",https://assets.contentstack.io/v3/assets/blt3055f692fe7bf193/bltc15a8bce3ca91e03/381459362_1811044878_william-beaumont-hospital_standardcharges.csv,2026-09-28
Corewell Health William Beaumont University Hospital,MI,88305,Surgical pathology level IV,facility,MA,48.29,70.10,medium,32.41,94.75,3,high,"Clean, consistent commercial set (3 payers)",https://assets.contentstack.io/v3/assets/blt3055f692fe7bf193/bltc15a8bce3ca91e03/381459362_1811044878_william-beaumont-hospital_standardcharges.csv,2026-09-28
Corewell Health William Beaumont University Hospital,MI,58120,Dilation and curettage,facility,MA,2999.70,4354.40,medium,372.91,2383.30,3,medium_high,"~6x spread between HAP and Priority Health for same code -- both appear genuine, not placeholders",https://assets.contentstack.io/v3/assets/blt3055f692fe7bf193/bltc15a8bce3ca91e03/381459362_1811044878_william-beaumont-hospital_standardcharges.csv,2026-09-28
Corewell Health William Beaumont University Hospital,MI,99213,Office visit established level 3,facility,not_found,,,not_found,72.10,272.71,3,medium,"No Medicare Advantage rows found for this code, commercial only; BCBS a clear outlier vs HAP/Priority",https://assets.contentstack.io/v3/assets/blt3055f692fe7bf193/bltc15a8bce3ca91e03/381459362_1811044878_william-beaumont-hospital_standardcharges.csv,2026-09-28
Corewell Health William Beaumont University Hospital,MI,G0105,Colonoscopy high-risk screening,facility,MA,861.75,1250.93,medium,418.56,418.56,1,low,Health Alliance Plan shows two conflicting rates for the same payer/plan pair on this code -- excluded as unreliable,https://assets.contentstack.io/v3/assets/blt3055f692fe7bf193/bltc15a8bce3ca91e03/381459362_1811044878_william-beaumont-hospital_standardcharges.csv,2026-09-28
Los Angeles General Medical Center (formerly LAC+USC),CA,58100,Endometrial biopsy,facility,MA,236.11,271.53,low,236.11,236.11,1,low,"All 30 matched payer rows across all codes have zero real claims in the trailing 12 months -- entire dataset is formula-derived, capped at low/medium confidence",https://file.lacounty.gov/SDSInter/dhs/1157354_956000927_LosAngelesGeneralMedicalCenter_standardcharges.csv,2026-09-28
Los Angeles General Medical Center (formerly LAC+USC),CA,88305,Surgical pathology level IV,facility,MA,62.71,72.12,low,62.71,62.71,1,low,Same zero-real-claims caveat as 58100,https://file.lacounty.gov/SDSInter/dhs/1157354_956000927_LosAngelesGeneralMedicalCenter_standardcharges.csv,2026-09-28
Los Angeles General Medical Center (formerly LAC+USC),CA,58120,Dilation and curettage,facility,MA,3731.81,4291.58,low,3731.81,3731.81,1,low,Same zero-real-claims caveat as 58100,https://file.lacounty.gov/SDSInter/dhs/1157354_956000927_LosAngelesGeneralMedicalCenter_standardcharges.csv,2026-09-28
Los Angeles General Medical Center (formerly LAC+USC),CA,99213,Office visit established level 3,professional,not_found,,,not_found,68.06,116.13,2,low,No Medicare Advantage row found; same zero-real-claims caveat,https://file.lacounty.gov/SDSInter/dhs/1157354_956000927_LosAngelesGeneralMedicalCenter_standardcharges.csv,2026-09-28
Los Angeles General Medical Center (formerly LAC+USC),CA,G0105,Colonoscopy high-risk screening,facility,MA,1070.07,1230.58,low,1070.07,1070.07,1,low,45378 and G0105 professional rates byte-identical; same zero-real-claims caveat throughout file,https://file.lacounty.gov/SDSInter/dhs/1157354_956000927_LosAngelesGeneralMedicalCenter_standardcharges.csv,2026-09-28
UC Davis Medical Center,CA,58100,Endometrial biopsy,facility,MA,262.38,278.12,medium,54.96,802.88,7,low_medium,A cluster of union-trust payers routed through Blue Cross shows identical $10525 across unrelated codes -- excluded,https://health.ucdavis.edu/media-resources/news/documents/json/946036494_university-of-california-davis-medical-center_standardcharges.json,2026-09-28
UC Davis Medical Center,CA,88305,Surgical pathology level IV,facility,MA,67.63,71.69,high,20.04,206.95,5,medium,Same union-trust duplication pattern excluded as on 58100,https://health.ucdavis.edu/media-resources/news/documents/json/946036494_university-of-california-davis-medical-center_standardcharges.json,2026-09-28
UC Davis Medical Center,CA,58120,Dilation and curettage,facility,MA,4201.19,4453.26,high,216.56,12855.63,7,low_medium,Same union-trust duplication (identical $16400 across 58120/G0105) excluded,https://health.ucdavis.edu/media-resources/news/documents/json/946036494_university-of-california-davis-medical-center_standardcharges.json,2026-09-28
UC Davis Medical Center,CA,99213,Office visit established level 3,facility,not_found,,,not_found,59.71,66.61,2,low,"No Medicare Advantage row found for this code, thinnest commercial coverage of the six codes here",https://health.ucdavis.edu/media-resources/news/documents/json/946036494_university-of-california-davis-medical-center_standardcharges.json,2026-09-28
UC Davis Medical Center,CA,G0105,Colonoscopy high-risk screening,facility,MA,1206.91,6456.98,medium,170.28,3693.15,6,low_medium,MA rates identical to 45378 for same payers (shared APC pricing); same union-trust duplication pattern excluded,https://health.ucdavis.edu/media-resources/news/documents/json/946036494_university-of-california-davis-medical-center_standardcharges.json,2026-09-28
Cedars-Sinai Medical Center,CA,58100,Endometrial biopsy,facility,MA,250.49,288.07,high,555.09,3748.64,7,medium,"Only ~665MB of an indeterminate-size file (likely 1GB+) scanned before connection cutoff; several Anthem HMO variant rows show implausibly identical low values, excluded",https://www.cedars-sinai.org/content/dam/cedars-sinai/billing-insurance/documents/951644600_CEDARS-SINAI-MEDICAL-CENTER_standardcharges.json,2026-09-28
Cedars-Sinai Medical Center,CA,88305,Surgical pathology level IV,facility,MA,66.53,76.51,high,252.74,271.68,2,medium_high,Anthem HMO variants excluded as implausibly low duplicates; same partial-coverage caveat as 58100,https://www.cedars-sinai.org/content/dam/cedars-sinai/billing-insurance/documents/951644600_CEDARS-SINAI-MEDICAL-CENTER_standardcharges.json,2026-09-28
Cedars-Sinai Medical Center,CA,58120,Dilation and curettage,facility,MA,3959.11,4552.98,high,3692.01,7048.00,2,medium_high,Anthem PPO n=954 is well-supported; Anthem HMO variants ($158) and Aetna HMO (=gross charge) excluded,https://www.cedars-sinai.org/content/dam/cedars-sinai/billing-insurance/documents/951644600_CEDARS-SINAI-MEDICAL-CENTER_standardcharges.json,2026-09-28
Cedars-Sinai Medical Center,CA,99213,Office visit established level 3,facility,not_found,,,not_found,162.34,167.42,2,medium,Most MA rows for this code have zero real utilization; several commercial rows implausibly low and excluded,https://www.cedars-sinai.org/content/dam/cedars-sinai/billing-insurance/documents/951644600_CEDARS-SINAI-MEDICAL-CENTER_standardcharges.json,2026-09-28
Cedars-Sinai Medical Center,CA,G0105,Colonoscopy high-risk screening,facility,not_found,,,not_found,,,0,not_found,Neither 45378 nor G0105 dedicated facility-fee line item was reached before the ~665MB partial download cut off,https://www.cedars-sinai.org/content/dam/cedars-sinai/billing-insurance/documents/951644600_CEDARS-SINAI-MEDICAL-CENTER_standardcharges.json,2026-09-28
Montefiore Medical Center,NY,58100,Endometrial biopsy,professional,FFS,61.78,116.15,high,3056.00,12211.00,7,medium,Traditional Medicare Part B found -- rare in this dataset; 6 zero-claims placeholder rows excluded,https://assets.montefioreeinstein.org/patient-information/131740114_montefiore-medical-center_standardcharges.csv,2026-09-28
Montefiore Medical Center,NY,88305,Surgical pathology level IV,professional,FFS,33.05,80.64,high,176.39,1253.26,6,medium_high,Cleanest code of the five here; Oscar $1253.26 is a 4-7x outlier worth verifying,https://assets.montefioreeinstein.org/patient-information/131740114_montefiore-medical-center_standardcharges.csv,2026-09-28
Montefiore Medical Center,NY,58120,Dilation and curettage,professional,FFS,231.00,345.14,high,6749.00,13220.00,5,medium,Same 6 zero-claims placeholder rows excluded as 58100,https://assets.montefioreeinstein.org/patient-information/131740114_montefiore-medical-center_standardcharges.csv,2026-09-28
Montefiore Medical Center,NY,99213,Office visit established level 3,professional,FFS,62.13,103.37,high,238.62,3542.64,5,medium,"Emblem HIP $3542.64 is a 7-9x outlier vs peers, worth verifying",https://assets.montefioreeinstein.org/patient-information/131740114_montefiore-medical-center_standardcharges.csv,2026-09-28
Montefiore Medical Center,NY,G0105,Colonoscopy high-risk screening,professional,FFS,177.11,208.36,medium,3056.00,11550.00,7,medium,"Identical Medicare-proxy figures to 45378 -- possible shared reference-fee-schedule artifact, flagged",https://assets.montefioreeinstein.org/patient-information/131740114_montefiore-medical-center_standardcharges.csv,2026-09-28
UNC Medical Center,NC,58100,Endometrial biopsy,facility,not_found,,,inconclusive,,,0,inconclusive,"Dynamically-generated file of indeterminate size did not support range requests; only ~314MB/84564 rows scanned before cutoff, code not reached",http://rca.elevatepfs.com/ptapp/api/cdm/export/oneclick?recno=d4ccc071fab9c79f17e52dc5b243ef668affc5e569aafa907c5b4c81f0a89284,2026-09-28
UNC Medical Center,NC,88305,Surgical pathology level IV,facility,not_found,,,not_found,47.16,185.69,4,medium,MA rows found but all zero-claims/algorithmic; only 1 commercial row has a real claims count,http://rca.elevatepfs.com/ptapp/api/cdm/export/oneclick?recno=d4ccc071fab9c79f17e52dc5b243ef668affc5e569aafa907c5b4c81f0a89284,2026-09-28
UNC Medical Center,NC,58120,Dilation and curettage,facility,not_found,,,inconclusive,,,0,inconclusive,Not reached within the ~314MB scanned before cutoff,http://rca.elevatepfs.com/ptapp/api/cdm/export/oneclick?recno=d4ccc071fab9c79f17e52dc5b243ef668affc5e569aafa907c5b4c81f0a89284,2026-09-28
UNC Medical Center,NC,99213,Office visit established level 3,facility,not_found,,,not_found,62.55,230.37,3,low_medium,MA rows found but all zero-claims/algorithmic; only 3 commercial rows have any real signal,http://rca.elevatepfs.com/ptapp/api/cdm/export/oneclick?recno=d4ccc071fab9c79f17e52dc5b243ef668affc5e569aafa907c5b4c81f0a89284,2026-09-28
UNC Medical Center,NC,G0105,Colonoscopy high-risk screening,facility,not_found,,,inconclusive,,,0,inconclusive,Not reached within the ~314MB scanned before cutoff,http://rca.elevatepfs.com/ptapp/api/cdm/export/oneclick?recno=d4ccc071fab9c79f17e52dc5b243ef668affc5e569aafa907c5b4c81f0a89284,2026-09-28
Ronald Reagan UCLA Medical Center,CA,58100,Endometrial biopsy,facility,MA,260.03,260.03,low,346.06,724.34,4,low,"Nearly all rows are zero-claims fee-schedule placeholders (count=0); only Anthem Vivity/Centivo/Health Plan Nevada rows found, all placeholders too",https://www.uclahealth.org/sites/default/files/cms-hpt/956006143_ronald-reagan-ucla-medical-center_standardcharges.json,2026-09-28
Ronald Reagan UCLA Medical Center,CA,88305,Surgical pathology level IV,facility,not_found,,,not_found,,,0,not_found,"Code bundled with CPT 88302/88304/88307/88309 in one line item with no per-code breakdown -- not isolable without an unstated assumption; range across the whole bundle is $20.94-$2,974",https://www.uclahealth.org/sites/default/files/cms-hpt/956006143_ronald-reagan-ucla-medical-center_standardcharges.json,2026-09-28
Ronald Reagan UCLA Medical Center,CA,58120,Dilation and curettage,facility,MA,4163.48,4163.48,low,5469.47,11598.01,4,low,Same zero-claims placeholder pattern as 58100,https://www.uclahealth.org/sites/default/files/cms-hpt/956006143_ronald-reagan-ucla-medical-center_standardcharges.json,2026-09-28
Ronald Reagan UCLA Medical Center,CA,99213,Office visit established level 3,facility,not_found,,,not_found,,,0,not_found,"Only row is LA Care Medi-Cal $24 (Medicaid, count=0); no Medicare/commercial row exists for this code",https://www.uclahealth.org/sites/default/files/cms-hpt/956006143_ronald-reagan-ucla-medical-center_standardcharges.json,2026-09-28
Ronald Reagan UCLA Medical Center,CA,G0105,Colonoscopy high-risk screening,facility,MA,1196.08,1196.08,low,1568.34,3331.86,4,low,"Same zero-claims placeholder pattern; 45378 also present, byte-identical rates to G0105",https://www.uclahealth.org/sites/default/files/cms-hpt/956006143_ronald-reagan-ucla-medical-center_standardcharges.json,2026-09-28
Ronald Reagan UCLA Medical Center,CA,45378,Colonoscopy diagnostic,facility,MA,1196.08,1196.08,low,1698.6,1698.6,1,medium,"Only Anthem BC row has real claims (count 1-10, median $1698.60); its $5326 headline rate is a case-rate ceiling not the real paid amount -- use the median",https://www.uclahealth.org/sites/default/files/cms-hpt/956006143_ronald-reagan-ucla-medical-center_standardcharges.json,2026-09-28
University of Iowa Health Care Medical Center,IA,45378,Colonoscopy diagnostic,facility,not_found,,,not_found,2935.1,2935.1,1,low,Only ~26% of a 1.6GB file was scanned before a hard stop; only Aetna HMO reviewed (271 other matched rows never read); second 'downtown campus' file (~1.58GB) entirely unscanned,https://www.healthcare.uiowa.edu/marcom/uihc/billing/426004813-1376544320_state-university-of-iowa_standardcharges.csv,2026-09-28
University of Iowa Health Care Medical Center,IA,58100,Endometrial biopsy,facility,not_found,,,not_found,723.8,723.8,1,low,Only ~26% of a 1.6GB file was scanned before a hard stop; only Aetna HMO reviewed (271 other matched rows never read); second 'downtown campus' file (~1.58GB) entirely unscanned,https://www.healthcare.uiowa.edu/marcom/uihc/billing/426004813-1376544320_state-university-of-iowa_standardcharges.csv,2026-09-28
University of Iowa Health Care Medical Center,IA,58120,Dilation and curettage,facility,not_found,,,not_found,4186.7,4186.7,1,low,Only ~26% of a 1.6GB file was scanned before a hard stop; only Aetna HMO reviewed (271 other matched rows never read); second 'downtown campus' file (~1.58GB) entirely unscanned,https://www.healthcare.uiowa.edu/marcom/uihc/billing/426004813-1376544320_state-university-of-iowa_standardcharges.csv,2026-09-28
University of Iowa Health Care Medical Center,IA,G0105,Colonoscopy high-risk screening,facility,not_found,,,not_found,3101.7,3101.7,1,low,Only ~26% of a 1.6GB file was scanned before a hard stop; only Aetna HMO reviewed (271 other matched rows never read); second 'downtown campus' file (~1.58GB) entirely unscanned,https://www.healthcare.uiowa.edu/marcom/uihc/billing/426004813-1376544320_state-university-of-iowa_standardcharges.csv,2026-09-28
University of Iowa Health Care Medical Center,IA,88305,Surgical pathology level IV,facility,not_found,,,not_found,294.0,367.5,1,low,3 CDM lines (general/derm/ocular); only Aetna HMO reviewed; same partial-coverage caveat as other codes,https://www.healthcare.uiowa.edu/marcom/uihc/billing/426004813-1376544320_state-university-of-iowa_standardcharges.csv,2026-09-28
University of Iowa Health Care Medical Center,IA,99213,Office visit established level 3,facility,not_found,,,not_found,,,0,not_found,Status unknown -- not reached in the ~26% scanned before hard stop,https://www.healthcare.uiowa.edu/marcom/uihc/billing/426004813-1376544320_state-university-of-iowa_standardcharges.csv,2026-09-28
UCSF Medical Center,CA,45378,Colonoscopy diagnostic,facility,MA,1360.37,2720.74,high,9562.0,11251.0,1,medium,"Only Blue Shield commercial found; its dollar figures are identical to G0105's -- likely a templated/shared fee-schedule tier, not independent",https://app.box.com/index.php?rm=box_download_shared_file&shared_name=ldckxfm5nm9wah74gqi7fdhe6mrtpg5e&file_id=f_1959275070690,2026-09-28
UCSF Medical Center,CA,58100,Endometrial biopsy,facility,MA,295.74,591.48,high,2207.0,2596.0,1,medium,"Same Blue Shield-only, cross-code-identical caveat as 45378",https://app.box.com/index.php?rm=box_download_shared_file&shared_name=ldckxfm5nm9wah74gqi7fdhe6mrtpg5e&file_id=f_1959275070690,2026-09-28
UCSF Medical Center,CA,58120,Dilation and curettage,facility,MA,4735.37,9470.74,high,9562.0,11251.0,1,medium,"Same Blue Shield-only, cross-code-identical caveat as 45378",https://app.box.com/index.php?rm=box_download_shared_file&shared_name=ldckxfm5nm9wah74gqi7fdhe6mrtpg5e&file_id=f_1959275070690,2026-09-28
UCSF Medical Center,CA,99213,Office visit established level 3,facility,not_found,,,not_found,,,0,not_found,Only chargemaster gross/cash lines exist; no payer-specific rows for this code,https://app.box.com/index.php?rm=box_download_shared_file&shared_name=ldckxfm5nm9wah74gqi7fdhe6mrtpg5e&file_id=f_1959275070690,2026-09-28
UCSF Medical Center,CA,G0105,Colonoscopy high-risk screening,facility,MA,1360.37,2720.74,high,2207.0,2596.0,1,medium,Identical commercial figures to 58100 -- flagged as likely a shared service-line tier rather than code-specific,https://app.box.com/index.php?rm=box_download_shared_file&shared_name=ldckxfm5nm9wah74gqi7fdhe6mrtpg5e&file_id=f_1959275070690,2026-09-28
UCSF Medical Center,CA,88305,Surgical pathology level IV,facility,MA,76.23,152.46,high,,,0,not_found,"No commercial payer row found for this code, only the 5-payer MA cluster",https://app.box.com/index.php?rm=box_download_shared_file&shared_name=ldckxfm5nm9wah74gqi7fdhe6mrtpg5e&file_id=f_1959275070690,2026-09-28
Wellstar MCG Health (Augusta University Medical Center),GA,58100,Endometrial biopsy,facility,MA,177.17,230.32,medium,203.74,3391.0,13,medium,Centurion (GA Dept of Corrections contractor) flagged non-representative and excluded from MA range; Absolute Total Care mislabeled MA here / Medicaid elsewhere in same file,https://www.wellstar.org/-/media/project/wellstar/org/documents/hospital-pricing-transparency-2026/582144788-wellstarmcghealthaffiliatedwithmedcol-standardcharges-1.csv,2026-09-28
Wellstar MCG Health (Augusta University Medical Center),GA,88305,Surgical pathology level IV,facility,MA,45.67,59.37,high,29.48,166.14,12,medium,Cigna $0.01 E&M-variant placeholder rows excluded,https://www.wellstar.org/-/media/project/wellstar/org/documents/hospital-pricing-transparency-2026/582144788-wellstarmcghealthaffiliatedwithmedcol-standardcharges-1.csv,2026-09-28
Wellstar MCG Health (Augusta University Medical Center),GA,58120,Dilation and curettage,facility,MA,2836.75,3687.78,medium,1694.0,10320.37,13,low,"Highmark Anthem-Copps PPO $10,320.37 is a high outlier worth verifying",https://www.wellstar.org/-/media/project/wellstar/org/documents/hospital-pricing-transparency-2026/582144788-wellstarmcghealthaffiliatedwithmedcol-standardcharges-1.csv,2026-09-28
Wellstar MCG Health (Augusta University Medical Center),GA,99213,Office visit established level 3,facility,not_found,,,not_found,,,0,not_found,Not published in this facility MRF (consistent with hospital's own professional-fee exclusion policy),https://www.wellstar.org/-/media/project/wellstar/org/documents/hospital-pricing-transparency-2026/582144788-wellstarmcghealthaffiliatedwithmedcol-standardcharges-1.csv,2026-09-28
Wellstar MCG Health (Augusta University Medical Center),GA,G0105,Colonoscopy high-risk screening,facility,MA,814.94,1059.42,medium,937.18,4714.0,14,medium,Both 45378 and G0105 published with identical min/max reference range -- likely crosswalked to same APC,https://www.wellstar.org/-/media/project/wellstar/org/documents/hospital-pricing-transparency-2026/582144788-wellstarmcghealthaffiliatedwithmedcol-standardcharges-1.csv,2026-09-28
Yale New Haven Hospital,CT,58100,Endometrial biopsy,facility,MA,84.8,105.51,medium,265.76,350.28,7,medium,"Third-party rental/repricer networks (First Health, MagnaCare, TRPN, AMPS, etc.) excluded from named-payer commercial range -- several are outliers near or above gross charge",https://www.ynhh.org/-/media/Files/YNHHS/sc/06-0646652-Yale_New_Haven_Hospital_Standard_Charges011025-1.ashx,2026-09-28
Yale New Haven Hospital,CT,88305,Surgical pathology level IV,facility,MA,18.43,22.41,medium,40.64,73.79,7,medium,Same rental-network exclusion as 58100,https://www.ynhh.org/-/media/Files/YNHHS/sc/06-0646652-Yale_New_Haven_Hospital_Standard_Charges011025-1.ashx,2026-09-28
Yale New Haven Hospital,CT,58120,Dilation and curettage,facility,MA,1119.13,1392.49,medium,3507.33,4622.84,7,medium,Same rental-network exclusion as 58100,https://www.ynhh.org/-/media/Files/YNHHS/sc/06-0646652-Yale_New_Haven_Hospital_Standard_Charges011025-1.ashx,2026-09-28
Yale New Haven Hospital,CT,99213,Office visit established level 3,facility,MA,33.64,41.86,medium,105.43,138.96,7,medium_high,Largest sample of the 6 codes (253 total rows across variants); rental networks excluded,https://www.ynhh.org/-/media/Files/YNHHS/sc/06-0646652-Yale_New_Haven_Hospital_Standard_Charges011025-1.ashx,2026-09-28
Yale New Haven Hospital,CT,G0105,Colonoscopy high-risk screening,facility,MA,298.58,371.51,medium,935.73,1233.34,7,medium,45378 and G0105 rates are byte-identical across all 23 payer rows -- treat as one data point not two,https://www.ynhh.org/-/media/Files/YNHHS/sc/06-0646652-Yale_New_Haven_Hospital_Standard_Charges011025-1.ashx,2026-09-28
Yale New Haven Hospital,CT,45378,Colonoscopy diagnostic,facility,MA,298.58,371.51,medium,935.73,1233.34,7,medium,See G0105 note -- rates identical between the two codes,https://www.ynhh.org/-/media/Files/YNHHS/sc/06-0646652-Yale_New_Haven_Hospital_Standard_Charges011025-1.ashx,2026-09-28
Detroit Medical Center - Harper University Hospital,MI,58100,Endometrial biopsy,facility,not_found,,,not_found,182.2,1323.0,8,medium,No Medicare/MA rate exists in file for any code at this hospital; two duplicate CDM lines with ~2x rate difference,https://mrfs.hyvehealthcare.com/TenetHealth/272844767-1427360700_vhs-harper-hutzel-hospital-inc_standardcharges.json,2026-09-28
Detroit Medical Center - Harper University Hospital,MI,58120,Dilation and curettage,facility,not_found,,,not_found,401.68,5812.0,3,low,"Most Aetna/Americas Choice/HealthSmart rows are 'no historical data' placeholders, excluded",https://mrfs.hyvehealthcare.com/TenetHealth/272844767-1427360700_vhs-harper-hutzel-hospital-inc_standardcharges.json,2026-09-28
Detroit Medical Center - Harper University Hospital,MI,99213,Office visit established level 3,facility,not_found,,,not_found,111.25,138.03,6,high,Only BCBS variants + Oscar have real rates; tightly clustered,https://mrfs.hyvehealthcare.com/TenetHealth/272844767-1427360700_vhs-harper-hutzel-hospital-inc_standardcharges.json,2026-09-28
Detroit Medical Center - Harper University Hospital,MI,45378,Colonoscopy diagnostic,facility,not_found,,,not_found,446.67,5085.0,8,medium,"United Healthcare rate matches the file's own stated max -- possible ceiling artifact, flagged",https://mrfs.hyvehealthcare.com/TenetHealth/272844767-1427360700_vhs-harper-hutzel-hospital-inc_standardcharges.json,2026-09-28
Detroit Medical Center - Harper University Hospital,MI,G0105,Colonoscopy high-risk screening,facility,not_found,,,not_found,446.67,3791.0,8,medium,Both 45378 and G0105 published as distinct lines (not merged) with different United Healthcare rates,https://mrfs.hyvehealthcare.com/TenetHealth/272844767-1427360700_vhs-harper-hutzel-hospital-inc_standardcharges.json,2026-09-28
Detroit Medical Center - Harper University Hospital,MI,88305,Surgical pathology level IV,facility,not_found,,,not_found,36.53,55.9,8,high,Consistent across 3 duplicate CDM lines for this code,https://mrfs.hyvehealthcare.com/TenetHealth/272844767-1427360700_vhs-harper-hutzel-hospital-inc_standardcharges.json,2026-09-28
NewYork-Presbyterian/Columbia University Irving Medical Center,NY,58100,Endometrial biopsy,facility,MA,226.14,297.55,high,423.0,3964.0,7,low_medium,"File is a combined system-wide filing (NYP+Weill Cornell+Allen+Brooklyn Methodist+Westchester), not CUIMC-specific; Aetna/Emblem/Anthem rows are identical across 4 unrelated codes -- likely a bundled case rate, downgraded",https://nyp.widen.net/content/hisgjrgpuk/original/133957095_NewYork-Presbyterian-Hospital_standardcharges.json.zip,2026-09-28
NewYork-Presbyterian/Columbia University Irving Medical Center,NY,88305,Surgical pathology level IV,facility,MA,60.06,79.03,high,33.16,336.21,6,medium_high,"Genuinely code-specific, no cross-code duplication seen here",https://nyp.widen.net/content/hisgjrgpuk/original/133957095_NewYork-Presbyterian-Hospital_standardcharges.json.zip,2026-09-28
NewYork-Presbyterian/Columbia University Irving Medical Center,NY,58120,Dilation and curettage,facility,MA,3574.22,4702.93,high,13583.76,13583.76,1,low,Most commercial rows duplicate 58100's bundled-case-rate figures; only Anthem BCBS looks code-specific,https://nyp.widen.net/content/hisgjrgpuk/original/133957095_NewYork-Presbyterian-Hospital_standardcharges.json.zip,2026-09-28
NewYork-Presbyterian/Columbia University Irving Medical Center,NY,99213,Office visit established level 3,facility,not_found,,,not_found,357.5,672.1,2,low_medium,"Only line item is Behavioral-Health-scoped, not general medicine -- flag before using as a general E&M proxy",https://nyp.widen.net/content/hisgjrgpuk/original/133957095_NewYork-Presbyterian-Hospital_standardcharges.json.zip,2026-09-28
NewYork-Presbyterian/Columbia University Irving Medical Center,NY,G0105,Colonoscopy high-risk screening,facility,MA,1024.89,1348.54,high,968.0,12700.68,7,low_medium,"45378 and G0105 payer tables nearly identical except Aetna and 1199SEIU, which differ meaningfully between the two codes",https://nyp.widen.net/content/hisgjrgpuk/original/133957095_NewYork-Presbyterian-Hospital_standardcharges.json.zip,2026-09-28
NewYork-Presbyterian/Columbia University Irving Medical Center,NY,45378,Colonoscopy diagnostic,facility,MA,1024.89,1348.54,high,2628.0,12700.68,7,low_medium,See G0105 note,https://nyp.widen.net/content/hisgjrgpuk/original/133957095_NewYork-Presbyterian-Hospital_standardcharges.json.zip,2026-09-28
University of Chicago Medical Center,IL,58100,Endometrial biopsy,facility,MA,216.65,216.65,low,249.15,3399.0,3,low_medium,Only a single 'consumer-friendly summary' line has payer data per code (thin: 3-7 payers); UHC rate exactly equals file's stated max,https://edge.sitecorecloud.io/unichicagomc-81nbqnb3/media/files/pricing-transparency/2026/363488183_the-university-of-chicago-medical-center_standardcharges.json,2026-09-28
University of Chicago Medical Center,IL,88305,Surgical pathology level IV,facility,MA,55.84,55.84,low,53.99,357.97,7,medium,"Richest of the 6 codes; still only one summary line, no chargemaster-level payer detail",https://edge.sitecorecloud.io/unichicagomc-81nbqnb3/media/files/pricing-transparency/2026/363488183_the-university-of-chicago-medical-center_standardcharges.json,2026-09-28
University of Chicago Medical Center,IL,58120,Dilation and curettage,facility,MA,3468.96,3468.96,low,3989.31,11000.0,3,low_medium,Same thin-panel caveat as 58100,https://edge.sitecorecloud.io/unichicagomc-81nbqnb3/media/files/pricing-transparency/2026/363488183_the-university-of-chicago-medical-center_standardcharges.json,2026-09-28
University of Chicago Medical Center,IL,99213,Office visit established level 3,facility,not_found,,,not_found,61.65,61.65,1,low,"Only one commercial data point (BCBS PPO), no Medicare/MA row at all",https://edge.sitecorecloud.io/unichicagomc-81nbqnb3/media/files/pricing-transparency/2026/363488183_the-university-of-chicago-medical-center_standardcharges.json,2026-09-28
University of Chicago Medical Center,IL,G0105,Colonoscopy high-risk screening,facility,MA,996.56,996.56,low,1146.04,3970.0,3,low_medium,"45378 and G0105 consumer-friendly lines are byte-identical -- likely cross-walked, not independently priced",https://edge.sitecorecloud.io/unichicagomc-81nbqnb3/media/files/pricing-transparency/2026/363488183_the-university-of-chicago-medical-center_standardcharges.json,2026-09-28
University of Chicago Medical Center,IL,45378,Colonoscopy diagnostic,facility,MA,996.56,996.56,low,1146.04,3970.0,3,low_medium,See G0105 note,https://edge.sitecorecloud.io/unichicagomc-81nbqnb3/media/files/pricing-transparency/2026/363488183_the-university-of-chicago-medical-center_standardcharges.json,2026-09-28
Massachusetts General Hospital,MA,58100,Endometrial biopsy,facility,MA,202.78,246.04,high,165.93,539.35,10,medium_high,Aetna 'Medicare Replacement'/transplant COE and international-commercial rows excluded from commercial range,https://www.massgeneralbrigham.org/price-transparency/042697983_Massachusetts-General-Hospital_StandardCharges.zip,2026-09-28
Massachusetts General Hospital,MA,88305,Surgical pathology level IV,facility,MA,202.78,246.04,high,74.39,409.42,10,medium_high,Same COE/international exclusions as 58100 (MA range shared fee schedule with 58100 in this file),https://www.massgeneralbrigham.org/price-transparency/042697983_Massachusetts-General-Hospital_StandardCharges.zip,2026-09-28
Massachusetts General Hospital,MA,58120,Dilation and curettage,facility,MA,3699.99,3775.5,medium,2096.09,3992.84,4,low_medium,Professional-component 'Pf D&C' Medicare row is a copy-paste error (3.6x its own gross charge) -- excluded,https://www.massgeneralbrigham.org/price-transparency/042697983_Massachusetts-General-Hospital_StandardCharges.zip,2026-09-28
Massachusetts General Hospital,MA,99213,Office visit established level 3,facility,MA,145.39,157.62,high,103.23,272.13,9,medium_high,Aetna Student Health and international-commercial rows excluded as non-representative,https://www.massgeneralbrigham.org/price-transparency/042697983_Massachusetts-General-Hospital_StandardCharges.zip,2026-09-28
Massachusetts General Hospital,MA,45378,Colonoscopy diagnostic,facility,MA,1028.57,1115.08,high,744.89,3173.19,8,medium_high,COE/international rows excluded,https://www.massgeneralbrigham.org/price-transparency/042697983_Massachusetts-General-Hospital_StandardCharges.zip,2026-09-28
Massachusetts General Hospital,MA,G0105,Colonoscopy high-risk screening,facility,MA,1028.57,1115.08,high,744.89,3156.84,7,medium,"COE row here ($1,353.25, higher than the standard MA rate) excluded as a bundled non-standard program rate",https://www.massgeneralbrigham.org/price-transparency/042697983_Massachusetts-General-Hospital_StandardCharges.zip,2026-09-28
Erie County Medical Center (University at Buffalo),NY,58100,Endometrial biopsy,facility,MA,252.37,316.4,high,420.66,630.93,2,medium,"Univera case-rate $1,138 and Aetna $3,120 case-rate excluded as bundled/non-specific",https://www.ecmc.edu/wp-content/uploads/2023/03/830382654_erie-county-medical-center_standardcharges.json,2026-09-28
Erie County Medical Center (University at Buffalo),NY,88305,Surgical pathology level IV,facility,MA,54.43,91.11,high,78.34,162.63,3,medium,Aetna/UHC percent-of-billed algorithm rows excluded (no real dollar figure),https://www.ecmc.edu/wp-content/uploads/2023/03/830382654_erie-county-medical-center_standardcharges.json,2026-09-28
Erie County Medical Center (University at Buffalo),NY,58120,Dilation and curettage,facility,MA,4040.85,5066.01,high,3011.08,10102.13,4,low_medium,Highmark MA/Zero-Premium rows byte-identical to their own 45378/G0105 values -- flagged as a shared bundled case rate,https://www.ecmc.edu/wp-content/uploads/2023/03/830382654_erie-county-medical-center_standardcharges.json,2026-09-28
Erie County Medical Center (University at Buffalo),NY,99213,Office visit established level 3,facility,MA,49.33,165.12,medium,73.93,312.3,8,medium,Wide spread; Independent Health $165.12 notably high vs peers,https://www.ecmc.edu/wp-content/uploads/2023/03/830382654_erie-county-medical-center_standardcharges.json,2026-09-28
Erie County Medical Center (University at Buffalo),NY,G0105,Colonoscopy high-risk screening,facility,MA,1160.85,1455.36,high,1411.82,1588.22,3,medium_high,Independent Health prices G0105 distinctly (lower) than 45378; other payers share values across both -- bundling flag applies,https://www.ecmc.edu/wp-content/uploads/2023/03/830382654_erie-county-medical-center_standardcharges.json,2026-09-28
Erie County Medical Center (University at Buffalo),NY,45378,Colonoscopy diagnostic,facility,MA,1160.85,1455.36,high,2902.13,2902.13,2,medium_high,Cigna/MVP agree exactly; same cross-code bundling flag as 58120/G0105,https://www.ecmc.edu/wp-content/uploads/2023/03/830382654_erie-county-medical-center_standardcharges.json,2026-09-28
Cooper University Hospital,NJ,58100,Endometrial biopsy,facility,FFS,226.35,226.35,high,237.67,5504.0,6,medium,"Real traditional Medicare FFS found (100% of Medicare fee schedule, converges across 5 independent MA payers too)",https://request.cooperhealth.org/financial/210634462_Cooper-University-Hospital_standardcharges.csv,2026-09-28
Cooper University Hospital,NJ,58120,Dilation and curettage,facility,FFS,3624.15,3624.15,high,6388.0,8154.34,6,medium,Two near-duplicate base CDM lines at different gross charges but consistent negotiated rates,https://request.cooperhealth.org/financial/210634462_Cooper-University-Hospital_standardcharges.csv,2026-09-28
Cooper University Hospital,NJ,88305,Surgical pathology level IV,facility,FFS,58.34,58.34,high,49.76,357.2,7,medium_high,Consistent across 6 duplicate chargemaster lines,https://request.cooperhealth.org/financial/210634462_Cooper-University-Hospital_standardcharges.csv,2026-09-28
Cooper University Hospital,NJ,99213,Office visit established level 3,facility,FFS,60.49,60.49,high,120.98,154.0,4,low_medium,Most major commercial payers are percent-of-billed-charges only (no fixed dollar) and excluded,https://request.cooperhealth.org/financial/210634462_Cooper-University-Hospital_standardcharges.csv,2026-09-28
Cooper University Hospital,NJ,45378,Colonoscopy diagnostic,facility,FFS,1041.14,1041.14,high,2082.28,7405.0,6,medium_high,"Real Medicare FFS row, high confidence",https://request.cooperhealth.org/financial/210634462_Cooper-University-Hospital_standardcharges.csv,2026-09-28
Cooper University Hospital,NJ,G0105,Colonoscopy high-risk screening,facility,FFS,1041.14,1041.14,high,2082.28,7405.0,6,medium_high,"United Healthcare rate genuinely differs from 45378's (code-specific, not a duplicate)",https://request.cooperhealth.org/financial/210634462_Cooper-University-Hospital_standardcharges.csv,2026-09-28
Brigham and Women's Hospital,MA,58100,Endometrial biopsy,facility,MA,234.1,246.04,high,165.93,539.35,11,medium_high,Medicare/MA rates match MGH exactly (same MGB system fee schedule) -- a positive cross-hospital consistency check,https://www.massgeneralbrigham.org/price-transparency/042312909_Brigham-and-Womens-Hospital_StandardCharges.zip,2026-09-28
Brigham and Women's Hospital,MA,88305,Surgical pathology level IV,facility,MA,63.44,63.44,high,155.31,409.42,9,medium,COE transplant and international-commercial rows excluded,https://www.massgeneralbrigham.org/price-transparency/042312909_Brigham-and-Womens-Hospital_StandardCharges.zip,2026-09-28
Brigham and Women's Hospital,MA,58120,Dilation and curettage,facility,MA,3699.99,3775.5,medium,2096.09,3992.84,5,low,Thin coverage for this code specifically,https://www.massgeneralbrigham.org/price-transparency/042312909_Brigham-and-Womens-Hospital_StandardCharges.zip,2026-09-28
Brigham and Women's Hospital,MA,99213,Office visit established level 3,facility,MA,145.39,157.62,high,103.23,272.13,8,medium_high,Two duplicate CDM lines exist ($333/$287 gross); do not average across them,https://www.massgeneralbrigham.org/price-transparency/042312909_Brigham-and-Womens-Hospital_StandardCharges.zip,2026-09-28
Brigham and Women's Hospital,MA,45378,Colonoscopy diagnostic,facility,MA,1028.57,1115.08,high,744.89,3173.19,8,high,"Large, internally consistent commercial sample",https://www.massgeneralbrigham.org/price-transparency/042312909_Brigham-and-Womens-Hospital_StandardCharges.zip,2026-09-28
Brigham and Women's Hospital,MA,G0105,Colonoscopy high-risk screening,facility,MA,1028.57,1115.08,high,744.89,3156.84,7,medium,COE row excluded as non-standard bundled program,https://www.massgeneralbrigham.org/price-transparency/042312909_Brigham-and-Womens-Hospital_StandardCharges.zip,2026-09-28
William P. Clements Jr. University Hospital (UT Southwestern),TX,45378,Colonoscopy diagnostic,facility,MA,911.71,911.71,low,996.53,2266.0,3,low,"Only ~3.5% of a 1.48GB file scanned (heavy network contention from parallel pulls); other 5 codes not found in sampled portion, status unknown for rest of file",https://sthpiprd.blob.core.windows.net/machine-readable-files/10906/753175630_the-university-of-texas-southwestern-medical-center-at-dallas_standardcharges.csv,2026-09-28
William P. Clements Jr. University Hospital (UT Southwestern),TX,58100,Endometrial biopsy,unknown,not_found,,,inconclusive,,,0,inconclusive,Not found in the ~3.5% of file scanned; remainder (~96.5%) unscanned due to network contention,https://sthpiprd.blob.core.windows.net/machine-readable-files/10906/753175630_the-university-of-texas-southwestern-medical-center-at-dallas_standardcharges.csv,2026-09-28
William P. Clements Jr. University Hospital (UT Southwestern),TX,88305,Surgical pathology level IV,unknown,not_found,,,inconclusive,,,0,inconclusive,Not found in the ~3.5% of file scanned; remainder (~96.5%) unscanned due to network contention,https://sthpiprd.blob.core.windows.net/machine-readable-files/10906/753175630_the-university-of-texas-southwestern-medical-center-at-dallas_standardcharges.csv,2026-09-28
William P. Clements Jr. University Hospital (UT Southwestern),TX,58120,Dilation and curettage,unknown,not_found,,,inconclusive,,,0,inconclusive,Not found in the ~3.5% of file scanned; remainder (~96.5%) unscanned due to network contention,https://sthpiprd.blob.core.windows.net/machine-readable-files/10906/753175630_the-university-of-texas-southwestern-medical-center-at-dallas_standardcharges.csv,2026-09-28
William P. Clements Jr. University Hospital (UT Southwestern),TX,99213,Office visit established level 3,unknown,not_found,,,inconclusive,,,0,inconclusive,Not found in the ~3.5% of file scanned; remainder (~96.5%) unscanned due to network contention,https://sthpiprd.blob.core.windows.net/machine-readable-files/10906/753175630_the-university-of-texas-southwestern-medical-center-at-dallas_standardcharges.csv,2026-09-28
William P. Clements Jr. University Hospital (UT Southwestern),TX,G0105,Colonoscopy high-risk screening,unknown,not_found,,,inconclusive,,,0,inconclusive,Not found in the ~3.5% of file scanned; remainder (~96.5%) unscanned due to network contention,https://sthpiprd.blob.core.windows.net/machine-readable-files/10906/753175630_the-university-of-texas-southwestern-medical-center-at-dallas_standardcharges.csv,2026-09-28
North Shore University Hospital (Northwell Health),NY,58100,Endometrial biopsy,facility,not_found,,,not_found,,,0,not_found,Code confirmed absent from this hospital's 693MB file (full-file scan),https://www.northwell.edu/sites/northwell.edu/files/machine-readable-files/North_Shore_University_Hospital_StandardCharges.zip,2026-09-28
North Shore University Hospital (Northwell Health),NY,88305,Surgical pathology level IV,facility,MA,42.12,47.73,high,28.0,670.8,27,low_medium,Cigna PPO $670.80 is a ~3.7x outlier worth independent verification; MVP payer excluded (identical to gross charge on every code),https://www.northwell.edu/sites/northwell.edu/files/machine-readable-files/North_Shore_University_Hospital_StandardCharges.zip,2026-09-28
North Shore University Hospital (Northwell Health),NY,58120,Dilation and curettage,facility,MA,3503.91,3843.57,high,3437.0,8601.0,27,medium,"Northwell Direct $11,793 excluded as an outlier",https://www.northwell.edu/sites/northwell.edu/files/machine-readable-files/North_Shore_University_Hospital_StandardCharges.zip,2026-09-28
North Shore University Hospital (Northwell Health),NY,99213,Office visit established level 3,facility,not_found,,,not_found,162.0,448.2,27,medium,No Medicare/MA row exists for this code at this hospital,https://www.northwell.edu/sites/northwell.edu/files/machine-readable-files/North_Shore_University_Hospital_StandardCharges.zip,2026-09-28
North Shore University Hospital (Northwell Health),NY,G0105,Colonoscopy high-risk screening,facility,MA,1024.33,1123.63,high,1132.0,8853.0,27,medium,"Local 1199 ($1,132) is a low outlier; MVP excluded (=gross charge placeholder on every code)",https://www.northwell.edu/sites/northwell.edu/files/machine-readable-files/North_Shore_University_Hospital_StandardCharges.zip,2026-09-28
North Shore University Hospital (Northwell Health),NY,45378,Colonoscopy diagnostic,facility,MA,1024.33,1123.63,high,1132.0,8853.0,27,medium,MA rates identical to G0105's for same payers (shared APC pricing),https://www.northwell.edu/sites/northwell.edu/files/machine-readable-files/North_Shore_University_Hospital_StandardCharges.zip,2026-09-28
Maimonides Medical Center,NY,58100,Endometrial biopsy,professional,MA,75.83,136.59,low,81.31,215.61,12,medium_high,No traditional Medicare; facility-level rows flagged low confidence due to cross-code rate duplication -- professional rows preferred,https://cleverleypteusstatic.blob.core.windows.net/readable/111635081_maimonides-medical-center_standardcharges.json,2026-09-28
Maimonides Medical Center,NY,88305,Surgical pathology level IV,professional,MA,15.55,38.88,low,26.15,300.75,14,medium,Healthfirst Comm PPO $300.75 is a ~7x outlier worth review,https://cleverleypteusstatic.blob.core.windows.net/readable/111635081_maimonides-medical-center_standardcharges.json,2026-09-28
Maimonides Medical Center,NY,58120,Dilation and curettage,professional,MA,133.17,495.94,low,235.0,607.67,6,medium,Visiting Nurse SVC of NY MA row ($495.94) is an outlier,https://cleverleypteusstatic.blob.core.windows.net/readable/111635081_maimonides-medical-center_standardcharges.json,2026-09-28
Maimonides Medical Center,NY,99213,Office visit established level 3,professional,MA,11.49,118.88,medium,62.14,127.91,15,high,"Emblem-HIP MA $11.49 is a low outlier, worth excluding; largest, cleanest commercial sample of the 6 codes",https://cleverleypteusstatic.blob.core.windows.net/readable/111635081_maimonides-medical-center_standardcharges.json,2026-09-28
Maimonides Medical Center,NY,45378,Colonoscopy diagnostic,professional,MA,41.67,239.61,medium,232.0,358.38,9,high,Emblem-HIP MA $41.67 is a low outlier,https://cleverleypteusstatic.blob.core.windows.net/readable/111635081_maimonides-medical-center_standardcharges.json,2026-09-28
Maimonides Medical Center,NY,G0105,Colonoscopy high-risk screening,facility,MA,157.65,208.36,medium,232.0,815.0,9,low,"Local 1199 Commercial PPO has two conflicting values ($815 vs $232) for the same payer/plan/code -- unresolved, do not average",https://cleverleypteusstatic.blob.core.windows.net/readable/111635081_maimonides-medical-center_standardcharges.json,2026-09-28
Stanford Health Care (Stanford Hospital),CA,58100,Endometrial biopsy,professional,not_found,,,not_found,100.48,262.07,9,high,No Medicare/MA row exists for this code; a separate lower 'office' (non-facility) rate also exists ($66.66-$91.99) which may be more appropriate for a true office biopsy,https://stanfordhealthcare.org/content/dam/SHC/patientsandvisitors/pricingtransparency/946174066_stanford-health-care_standardcharges.json,2026-09-28
Stanford Health Care (Stanford Hospital),CA,88305,Surgical pathology level IV,facility,MA,76.65,76.65,low,0,0,0,not_found,Only one MA-labeled shoppable-services row found (n=1); no commercial row exists for this code,https://stanfordhealthcare.org/content/dam/SHC/patientsandvisitors/pricingtransparency/946174066_stanford-health-care_standardcharges.json,2026-09-28
Stanford Health Care (Stanford Hospital),CA,58120,Dilation and curettage,facility,MA,4761.37,4761.37,low,13697.0,22145.0,4,medium,"Single-source 'shoppable services' bundle, not chargemaster-line-item detail",https://stanfordhealthcare.org/content/dam/SHC/patientsandvisitors/pricingtransparency/946174066_stanford-health-care_standardcharges.json,2026-09-28
Stanford Health Care (Stanford Hospital),CA,99213,Office visit established level 3,professional,not_found,,,not_found,121.29,345.83,7,high,"Richest code at Stanford -- consistent across 24 of 28 department variants (4 depts differ, flagged separately)",https://stanfordhealthcare.org/content/dam/SHC/patientsandvisitors/pricingtransparency/946174066_stanford-health-care_standardcharges.json,2026-09-28
Stanford Health Care (Stanford Hospital),CA,45378,Colonoscopy diagnostic,facility,MA,1367.84,1367.84,low,9589.0,22145.0,4,medium,"Single shoppable-services source, n=1 MA row",https://stanfordhealthcare.org/content/dam/SHC/patientsandvisitors/pricingtransparency/946174066_stanford-health-care_standardcharges.json,2026-09-28
Stanford Health Care (Stanford Hospital),CA,G0105,Colonoscopy high-risk screening,facility,MA,1367.84,1367.84,low,8345.0,14407.0,4,medium,Same MA figure as 45378 -- possibly shared/crosswalked rate,https://stanfordhealthcare.org/content/dam/SHC/patientsandvisitors/pricingtransparency/946174066_stanford-health-care_standardcharges.json,2026-09-28
University of Wisconsin Hospital (UW Health),WI,58100,Endometrial biopsy,facility,MA,206.55,210.68,high,119.0,883.5,41,medium,"71% of commercial rows flagged zero-historical-payment (real contract terms, no recent claims)",https://bynder.uwhealth.org/m/35d806d784d4cdbd/original/391835630_University-of-Wisconsin-Hospital-and-Clinics-Authority_standardcharges.csv,2026-09-28
University of Wisconsin Hospital (UW Health),WI,88305,Surgical pathology level IV,facility,MA,53.24,54.3,high,151.35,499.7,41,medium,"Identical MA rate across 4 duplicate CDM lines regardless of gross charge -- confirms CPT-driven, not CDM-line-driven, pricing",https://bynder.uwhealth.org/m/35d806d784d4cdbd/original/391835630_University-of-Wisconsin-Hospital-and-Clinics-Authority_standardcharges.csv,2026-09-28
University of Wisconsin Hospital (UW Health),WI,58120,Dilation and curettage,facility,MA,3307.24,3373.38,low_medium,1106.9,2577.35,41,low_medium,"ANOMALY: MA rate exceeds the hospital's own gross charge by ~22%, consistent across all 20 MA plans -- verify before use; 95% of commercial rows are zero-historical-payment",https://bynder.uwhealth.org/m/35d806d784d4cdbd/original/391835630_University-of-Wisconsin-Hospital-and-Clinics-Authority_standardcharges.csv,2026-09-28
University of Wisconsin Hospital (UW Health),WI,99213,Office visit established level 3,facility,MA,63.0,147.0,low,100.32,199.5,41,medium,Only 7 of 20 possible MA plans report a rate; all 7 are zero-historical-payment,https://bynder.uwhealth.org/m/35d806d784d4cdbd/original/391835630_University-of-Wisconsin-Hospital-and-Clinics-Authority_standardcharges.csv,2026-09-28
University of Wisconsin Hospital (UW Health),WI,45378,Colonoscopy diagnostic,facility,MA,950.1,969.1,high,1580.18,3679.35,41,medium,45378 and G0105 share identical dollar figures -- likely one underlying service description cross-walked to both codes,https://bynder.uwhealth.org/m/35d806d784d4cdbd/original/391835630_University-of-Wisconsin-Hospital-and-Clinics-Authority_standardcharges.csv,2026-09-28
University of Wisconsin Hospital (UW Health),WI,G0105,Colonoscopy high-risk screening,facility,MA,950.1,969.1,high,1580.18,3679.35,41,medium,See 45378 note,https://bynder.uwhealth.org/m/35d806d784d4cdbd/original/391835630_University-of-Wisconsin-Hospital-and-Clinics-Authority_standardcharges.csv,2026-09-28
Temple University Hospital (Main Campus),PA,58100,Endometrial biopsy,facility,MA,212.5,265.62,medium,96.3,964.41,7,medium,"UnitedHealthcare's only value is a $6,368 flat rate identical across 4 unrelated codes -- excluded as a bundled case rate, not code-specific",https://www.templehealth.org/sites/default/files/file/2026-04/232825878_temple-university-hospital-inc-main-campus_standardcharges.csv,2026-09-28
Temple University Hospital (Main Campus),PA,88305,Surgical pathology level IV,facility,MA,54.77,68.46,high,72.56,836.84,8,medium,"3 distinct CDM sub-lines (initial/additional/cell block) reflect real billable units, not duplicates",https://www.templehealth.org/sites/default/files/file/2026-04/232825878_temple-university-hospital-inc-main-campus_standardcharges.csv,2026-09-28
Temple University Hospital (Main Campus),PA,58120,Dilation and curettage,facility,MA,3402.49,4253.11,medium_high,300.45,4243.41,6,medium,"Same $6,368 bundled-rate exclusion as 58100; Highmark $10,841 outlier flagged separately",https://www.templehealth.org/sites/default/files/file/2026-04/232825878_temple-university-hospital-inc-main-campus_standardcharges.csv,2026-09-28
Temple University Hospital (Main Campus),PA,99213,Office visit established level 3,facility,MA,8.78,74.08,low,19.58,48.96,8,low_medium,"Both MA and commercial rates unusually low for a facility E&M code -- flagged, may reflect a partial/technical-only component",https://www.templehealth.org/sites/default/files/file/2026-04/232825878_temple-university-hospital-inc-main-campus_standardcharges.csv,2026-09-28
Temple University Hospital (Main Campus),PA,45378,Colonoscopy diagnostic,facility,MA,977.46,1221.83,medium_high,629.55,4243.41,6,medium,"Same $6,368 bundled-rate exclusion; Highmark $3,114 also present",https://www.templehealth.org/sites/default/files/file/2026-04/232825878_temple-university-hospital-inc-main-campus_standardcharges.csv,2026-09-28
Temple University Hospital (Main Campus),PA,G0105,Colonoscopy high-risk screening,facility,MA,977.46,1221.83,medium_high,1289.37,4243.41,6,medium,"BCBS-NJ and UHC rates genuinely differ from 45378's for the same payer -- real internal inconsistency flagged, not a data error per se",https://www.templehealth.org/sites/default/files/file/2026-04/232825878_temple-university-hospital-inc-main-campus_standardcharges.csv,2026-09-28
Women and Infants Hospital of Rhode Island,RI,58100,Endometrial biopsy,facility,MA,211.67,232.76,high,332.51,516.09,4,medium,"Neighborhood Health Plan RI 'Managed Medicaid' $4,415 figure (~6x gross) excluded as a data error",https://www.carenewengland.org/hubfs/050258937_Women-and-Infants-Hospital_standardcharges.csv,2026-09-28
Women and Infants Hospital of Rhode Island,RI,88305,Surgical pathology level IV,facility,MA,49.31,59.99,high,22.76,128.75,8,medium_high,UHC commercial rate backed by real n=67 claims,https://www.carenewengland.org/hubfs/050258937_Women-and-Infants-Hospital_standardcharges.csv,2026-09-28
Women and Infants Hospital of Rhode Island,RI,58120,Dilation and curettage,facility,MA,2596.81,3726.80,medium,1376.10,6331.75,9,low_medium,BCBS-RI outlier flagged; wide spread across 9 payers,https://www.carenewengland.org/hubfs/050258937_Women-and-Infants-Hospital_standardcharges.csv,2026-09-28
Women and Infants Hospital of Rhode Island,RI,99213,Office visit established level 3,facility,MA,67.22,67.22,low,30.17,109.37,6,low,Only 1 MA payer found; most commercial rows are zero-claims placeholders,https://www.carenewengland.org/hubfs/050258937_Women-and-Infants-Hospital_standardcharges.csv,2026-09-28
Women and Infants Hospital of Rhode Island,RI,45378,Colonoscopy diagnostic,facility,MA,1019.65,1234.22,high,732.8,3009.36,9,medium,Several rows have real claim counts (12-21),https://www.carenewengland.org/hubfs/050258937_Women-and-Infants-Hospital_standardcharges.csv,2026-09-28
Women and Infants Hospital of Rhode Island,RI,G0105,Colonoscopy high-risk screening,facility,MA,1019.65,1092.2,high,467.58,1260.26,9,low,"Every commercial row for this specific code is a zero-claims placeholder; NHPRI $4,151 data error excluded",https://www.carenewengland.org/hubfs/050258937_Women-and-Infants-Hospital_standardcharges.csv,2026-09-28
Regional One Health (UT Tennessee HSC gyn onc surgical site),TN,58100,Endometrial biopsy,facility,MA,166.15,166.15,high,232.61,1381.0,6,medium,Uniform MA rate across all 9 plans,https://www.regionalonehealth.org/wp-content/uploads/2024/12/621113169_shelby-county-health-care_standardcharges.csv,2026-09-28
Regional One Health (UT Tennessee HSC gyn onc surgical site),TN,88305,Surgical pathology level IV,facility,MA,45.18,45.18,high,39.78,133.01,6,medium,"Floor ($39.78) and ceiling ($133.01, =gross) values flagged as possible placeholders",https://www.regionalonehealth.org/wp-content/uploads/2024/12/621113169_shelby-county-health-care_standardcharges.csv,2026-09-28
Regional One Health (UT Tennessee HSC gyn onc surgical site),TN,58120,Dilation and curettage,facility,not_found,,,not_found,,,0,not_found,Code genuinely not published by this hospital,https://www.regionalonehealth.org/wp-content/uploads/2024/12/621113169_shelby-county-health-care_standardcharges.csv,2026-09-28
Regional One Health (UT Tennessee HSC gyn onc surgical site),TN,99213,Office visit established level 3,facility,not_found,,,not_found,50.77,161.0,4,low,"64% of all rows for this code, including every MA row, are explicit $0.01 'packaged, not separately reimbursed' placeholders -- excluded",https://www.regionalonehealth.org/wp-content/uploads/2024/12/621113169_shelby-county-health-care_standardcharges.csv,2026-09-28
Regional One Health (UT Tennessee HSC gyn onc surgical site),TN,45378,Colonoscopy diagnostic,facility,MA,762.05,762.05,high,1066.87,1594.0,5,medium,Chargemaster-max placeholder excluded,https://www.regionalonehealth.org/wp-content/uploads/2024/12/621113169_shelby-county-health-care_standardcharges.csv,2026-09-28
Regional One Health (UT Tennessee HSC gyn onc surgical site),TN,G0105,Colonoscopy high-risk screening,facility,MA,762.05,762.05,high,1066.87,1298.0,5,medium,Summit AR PASSE $0.01 packaged-service placeholder excluded,https://www.regionalonehealth.org/wp-content/uploads/2024/12/621113169_shelby-county-health-care_standardcharges.csv,2026-09-28
St. Luke's University Hospital,PA,58100,Endometrial biopsy,facility,MA,205.95,222.43,high,668.27,1334.0,4,medium,"Capital Blue Cross $1,334 case rate flagged as possibly a bundled multi-procedure rate",https://www.slhn.org/-/media/sluhn/billing/pdf/standard-charges/23-1352213_stlukeshospitalbethlehemcampus_standardcharges.ashx,2026-09-28
St. Luke's University Hospital,PA,88305,Surgical pathology level IV,facility,MA,54.7,59.08,high,155.25,325.45,5,medium,Two pricing tracks exist (fee-schedule vs percent-of-billed); fee-schedule track used as more comparable,https://www.slhn.org/-/media/sluhn/billing/pdf/standard-charges/23-1352213_stlukeshospitalbethlehemcampus_standardcharges.ashx,2026-09-28
St. Luke's University Hospital,PA,58120,Dilation and curettage,facility,MA,3255.08,3515.49,low,6682.00,10562.08,4,low,"Major internal inconsistency: a second CDM/percent-of-billed track prices the same code 10x lower ($125-$975); Highmark $10,562 = exact file max, IBC HMO $3,001 = exact file min, both flagged as possible boundary placeholders",https://www.slhn.org/-/media/sluhn/billing/pdf/standard-charges/23-1352213_stlukeshospitalbethlehemcampus_standardcharges.ashx,2026-09-28
St. Luke's University Hospital,PA,99213,Office visit established level 3,facility,MA,30.91,83.89,low,83.56,158.68,8,medium,Only 2 Medicare-labeled rows and they disagree sharply (one = exact file min); commercial range excludes 2 boundary-flagged outliers,https://www.slhn.org/-/media/sluhn/billing/pdf/standard-charges/23-1352213_stlukeshospitalbethlehemcampus_standardcharges.ashx,2026-09-28
St. Luke's University Hospital,PA,45378,Colonoscopy diagnostic,facility,MA,933.37,1008.04,high,103.41,4299.73,8,low_medium,"Same dual-track pricing issue as 58120 but less severe; IBC PPO $4,299.73 = exact file max on both 45378 and G0105, flagged",https://www.slhn.org/-/media/sluhn/billing/pdf/standard-charges/23-1352213_stlukeshospitalbethlehemcampus_standardcharges.ashx,2026-09-28
St. Luke's University Hospital,PA,G0105,Colonoscopy high-risk screening,facility,MA,933.37,1008.04,high,2887.0,4299.73,4,medium_high,Rates identical to 45378 for every payer that reports both -- cleaner/smaller dataset than 45378 (no CDM/percent track),https://www.slhn.org/-/media/sluhn/billing/pdf/standard-charges/23-1352213_stlukeshospitalbethlehemcampus_standardcharges.ashx,2026-09-28
Loma Linda University Medical Center,CA,58100,Endometrial biopsy,facility,MA,260.03,364.04,medium,181.0,5523.0,58,medium,"Aetna 'HMO/PPO' rate of exactly $27,467 recurs across 4 unrelated codes and matches the file's own revenue-code ceiling -- confirmed placeholder, excluded",https://images.pricetransparency.healthcare/llu-mc/953522679_loma-linda-university-medical-center_standardcharges.csv,2026-09-28
Loma Linda University Medical Center,CA,88305,Surgical pathology level IV,facility,MA,67.02,93.83,high,27.4,840.6,77,low_medium,Multiple distinct rates per payer without clear revenue-code labeling,https://images.pricetransparency.healthcare/llu-mc/953522679_loma-linda-university-medical-center_standardcharges.csv,2026-09-28
Loma Linda University Medical Center,CA,58120,Dilation and curettage,facility,MA,4163.48,5828.87,medium,3165.61,8154.34,17,medium,"Same Aetna $27,467 placeholder excluded",https://images.pricetransparency.healthcare/llu-mc/953522679_loma-linda-university-medical-center_standardcharges.csv,2026-09-28
Loma Linda University Medical Center,CA,99213,Office visit established level 3,facility,MA,401.2,578.0,low_medium,100.0,824.0,29,medium,Only 3 MA payers reported,https://images.pricetransparency.healthcare/llu-mc/953522679_loma-linda-university-medical-center_standardcharges.csv,2026-09-28
Loma Linda University Medical Center,CA,45378,Colonoscopy diagnostic,facility,MA,1196.08,1674.51,medium_high,776.4,27467.0,45,low,"Same Aetna $27,467 placeholder confirmed via cross-code recurrence -- exclude before use; real range likely far lower",https://images.pricetransparency.healthcare/llu-mc/953522679_loma-linda-university-medical-center_standardcharges.csv,2026-09-28
Loma Linda University Medical Center,CA,G0105,Colonoscopy high-risk screening,facility,MA,1196.08,1674.51,medium_high,440.2,27467.0,31,low,Same Aetna placeholder pattern as 45378,https://images.pricetransparency.healthcare/llu-mc/953522679_loma-linda-university-medical-center_standardcharges.csv,2026-09-28
Emory University Hospital,GA,58100,Endometrial biopsy,facility,MA,202.78,214.95,high,1343.0,4840.09,9,medium,Humana MA row is byte-identical to Humana's own commercial rate and lacks the APC tag every genuine MA row carries -- excluded as likely duplicated/misapplied,https://www.emoryhealthcare.org/-/media/Project/EH/Emory/ui/pricing-transparency/csv/2026/580566256_1588640692_emory-university_standardcharges.csv,2026-09-28
Emory University Hospital,GA,88305,Surgical pathology level IV,facility,MA,52.27,55.41,high,26.23,62.95,9,medium,Ambetter/Peach State Exchange rate ($110.81) equals the file's max -- flagged as unreliable outlier,https://www.emoryhealthcare.org/-/media/Project/EH/Emory/ui/pricing-transparency/csv/2026/580566256_1588640692_emory-university_standardcharges.csv,2026-09-28
Emory University Hospital,GA,58120,Dilation and curettage,facility,MA,3246.92,3441.73,high,3011.79,5051.48,10,medium,Same Humana-duplicate flag as 58100,https://www.emoryhealthcare.org/-/media/Project/EH/Emory/ui/pricing-transparency/csv/2026/580566256_1588640692_emory-university_standardcharges.csv,2026-09-28
Emory University Hospital,GA,99213,Office visit established level 3,facility,not_found,,,not_found,,,0,not_found,"No payer-negotiated rates published for this code at all, only chargemaster gross ($399)",https://www.emoryhealthcare.org/-/media/Project/EH/Emory/ui/pricing-transparency/csv/2026/580566256_1588640692_emory-university_standardcharges.csv,2026-09-28
Emory University Hospital,GA,45378,Colonoscopy diagnostic,facility,MA,932.77,988.74,high,1952.0,5345.54,11,medium,Same Humana-duplicate flag as 58100; no Medicaid rows found for any code,https://www.emoryhealthcare.org/-/media/Project/EH/Emory/ui/pricing-transparency/csv/2026/580566256_1588640692_emory-university_standardcharges.csv,2026-09-28
Emory University Hospital,GA,G0105,Colonoscopy high-risk screening,facility,MA,932.77,988.74,high,1952.0,5345.54,11,medium,Same Humana-duplicate flag as 45378,https://www.emoryhealthcare.org/-/media/Project/EH/Emory/ui/pricing-transparency/csv/2026/580566256_1588640692_emory-university_standardcharges.csv,2026-09-28
Beth Israel Deaconess Medical Center,MA,58100,Endometrial biopsy,facility,not_found,,,not_found,397.72,484.52,3,medium_high,No Medicare or Medicare Advantage rate exists anywhere in this hospital's entire file for any code,https://bidmc.org/042103881_beth-israel-deaconess-medical-center_standardcharges.json,2026-09-28
Beth Israel Deaconess Medical Center,MA,88305,Surgical pathology level IV,facility,not_found,,,not_found,50.27,148.86,4,medium_high,Same no-Medicare-anywhere finding,https://bidmc.org/042103881_beth-israel-deaconess-medical-center_standardcharges.json,2026-09-28
Beth Israel Deaconess Medical Center,MA,58120,Dilation and curettage,facility,not_found,,,not_found,5659.72,6865.0,4,low,"CDM gross charge ($465) is ~12-15x lower than negotiated shoppable rates -- likely captures only a narrow facility fee; Multiplan rate is byte-identical to its own 45378/G0105 rate, flagged",https://bidmc.org/042103881_beth-israel-deaconess-medical-center_standardcharges.json,2026-09-28
Beth Israel Deaconess Medical Center,MA,99213,Office visit established level 3,facility,not_found,,,not_found,176.67,184.76,2,medium,MassHealth Medicaid and Unicare commercial rows both have unresolved conflicting duplicate values for the same payer/plan,https://bidmc.org/042103881_beth-israel-deaconess-medical-center_standardcharges.json,2026-09-28
Beth Israel Deaconess Medical Center,MA,45378,Colonoscopy diagnostic,facility,not_found,,,not_found,1082.75,6865.0,5,medium,"Rates byte-identical to G0105 across all 5 payers; Multiplan $6,865 matches its own 58120 rate exactly, flagged",https://bidmc.org/042103881_beth-israel-deaconess-medical-center_standardcharges.json,2026-09-28
Beth Israel Deaconess Medical Center,MA,G0105,Colonoscopy high-risk screening,facility,not_found,,,not_found,1082.75,6865.0,5,medium,See 45378 note,https://bidmc.org/042103881_beth-israel-deaconess-medical-center_standardcharges.json,2026-09-28
MUSC Health Main Campus,SC,58100,Endometrial biopsy,facility,MA,188.03,191.8,low_medium,152.28,410.44,9,medium,"Absolute Total Care and Molina rows are Medicaid-MCO brands but the plan listed is their ACA Exchange product, not Medicaid -- flagged",https://d3crna64wemw02.cloudfront.net/asset/339713052848/document_tt6t30451l5sn2ucbf23rab30t/571098556_MUSC-Health-Charleston-Main-Campus_standardcharges.csv,2026-09-28
MUSC Health Main Campus,SC,88305,Surgical pathology level IV,facility,MA,48.47,49.44,low_medium,52.1,145.4,9,low_medium,"4 duplicate CDM lines with different gross charges, ambiguous mapping to payer rows",https://d3crna64wemw02.cloudfront.net/asset/339713052848/document_tt6t30451l5sn2ucbf23rab30t/571098556_MUSC-Health-Charleston-Main-Campus_standardcharges.csv,2026-09-28
MUSC Health Main Campus,SC,58120,Dilation and curettage,facility,MA,3010.78,3070.99,low_medium,2117.43,5707.08,9,medium,"2.7x spread across 9 payers, likely real plan-tier variation",https://d3crna64wemw02.cloudfront.net/asset/339713052848/document_tt6t30451l5sn2ucbf23rab30t/571098556_MUSC-Health-Charleston-Main-Campus_standardcharges.csv,2026-09-28
MUSC Health Main Campus,SC,99213,Office visit established level 3,facility,not_found,,,not_found,94.76,126.34,2,low,"Only 2 commercial rows found, no Medicare/MA row at all",https://d3crna64wemw02.cloudfront.net/asset/339713052848/document_tt6t30451l5sn2ucbf23rab30t/571098556_MUSC-Health-Charleston-Main-Campus_standardcharges.csv,2026-09-28
MUSC Health Main Campus,SC,45378,Colonoscopy diagnostic,facility,MA,864.93,882.23,low_medium,467.58,1260.26,9,medium,45378 and G0105 rates are line-for-line identical for every payer -- treat as one data point not two,https://d3crna64wemw02.cloudfront.net/asset/339713052848/document_tt6t30451l5sn2ucbf23rab30t/571098556_MUSC-Health-Charleston-Main-Campus_standardcharges.csv,2026-09-28
MUSC Health Main Campus,SC,G0105,Colonoscopy high-risk screening,facility,MA,864.93,882.23,low_medium,467.58,1260.26,9,medium,See 45378 note,https://d3crna64wemw02.cloudfront.net/asset/339713052848/document_tt6t30451l5sn2ucbf23rab30t/571098556_MUSC-Health-Charleston-Main-Campus_standardcharges.csv,2026-09-28
Robert Wood Johnson University Hospital,NJ,58100,Endometrial biopsy,facility,MA,233.42,238.09,high,430.37,1023.36,6,medium,"Aetna case-rate $4,370 excluded (bundled OR rate, not office pricing); Horizon NJ Health Medicaid row uses a generic non-code-specific fee schedule",https://mrfs.hyvehealthcare.com/RWJBarnabasHealth/221487243_robert-wood-johnson-university-hospital-new-brunswick_standardcharges.json,2026-09-28
Robert Wood Johnson University Hospital,NJ,88305,Surgical pathology level IV,facility,MA,62.0,63.24,high,99.0,142.71,4,medium_high,Percent-of-charge rows with no claims count excluded as unverified,https://mrfs.hyvehealthcare.com/RWJBarnabasHealth/221487243_robert-wood-johnson-university-hospital-new-brunswick_standardcharges.json,2026-09-28
Robert Wood Johnson University Hospital,NJ,58120,Dilation and curettage,facility,MA,3689.27,3763.06,high,3922.0,7341.65,3,low_medium,"Emblem 'Current Medicare' label is contradicted by its own dollar figure (off by >$4,000 from the real MA rate) -- excluded; bundled Aetna $5,244 excluded",https://mrfs.hyvehealthcare.com/RWJBarnabasHealth/221487243_robert-wood-johnson-university-hospital-new-brunswick_standardcharges.json,2026-09-28
Robert Wood Johnson University Hospital,NJ,99213,Office visit established level 3,facility,not_found,,,not_found,134.91,426.81,13,low_medium,"Genuine gap -- no Medicare/MA row exists for this code; Horizon NJ Health Medicaid row is mislabeled with a Behavioral Health fee schedule, a hospital-side data error",https://mrfs.hyvehealthcare.com/RWJBarnabasHealth/221487243_robert-wood-johnson-university-hospital-new-brunswick_standardcharges.json,2026-09-28
Robert Wood Johnson University Hospital,NJ,45378,Colonoscopy diagnostic,facility,MA,1057.88,1079.04,high,4094.0,5085.0,4,medium,4 payers have genuine real-claims counts (12-48); Emblem 'Current Medicare' mislabel and bundled Aetna rate excluded,https://mrfs.hyvehealthcare.com/RWJBarnabasHealth/221487243_robert-wood-johnson-university-hospital-new-brunswick_standardcharges.json,2026-09-28
Robert Wood Johnson University Hospital,NJ,G0105,Colonoscopy high-risk screening,facility,MA,1057.88,1079.04,high,2105.18,2221.55,2,low_medium,Most commercial/Medicaid rows for this specific code are unverified placeholders; only Emblem/Wellcare usable,https://mrfs.hyvehealthcare.com/RWJBarnabasHealth/221487243_robert-wood-johnson-university-hospital-new-brunswick_standardcharges.json,2026-09-28
UC San Diego Health (Jacobs Medical Center),CA,58100,Endometrial biopsy,facility,MA,1577.18,1577.18,low,1412.40,3836.00,4,low,Only ~31% (1GB) of a 3.23GB file scanned; no real-claims-backed rate found for this code in the sampled portion (all rows were zero-claims placeholders),https://hsfiles.ucsd.edu/patientBilling/UC-San-Diego-Standard-Charges-956006144.json,2026-09-28
UC San Diego Health (Jacobs Medical Center),CA,88305,Surgical pathology level IV,facility,MA,14.08,50.92,medium,16.8,262.64,8,high,"Richest real-claims data of the 5 codes -- Aetna n=453, Blue Cross n=845",https://hsfiles.ucsd.edu/patientBilling/UC-San-Diego-Standard-Charges-956006144.json,2026-09-28
UC San Diego Health (Jacobs Medical Center),CA,58120,Dilation and curettage,facility,MA,20631.56,20631.56,low,2134.05,2134.05,1,low_medium,"Only ~31% (1GB) of a 3.23GB file scanned; only 1 real-claims-backed commercial row found (Health Net, n=1-10)",https://hsfiles.ucsd.edu/patientBilling/UC-San-Diego-Standard-Charges-956006144.json,2026-09-28
UC San Diego Health (Jacobs Medical Center),CA,99213,Office visit established level 3,facility,not_found,,,not_found,80.64,1020.08,5,medium_high,Sharp Community Med Grp rate is ~8x Sharp Rees Stealy's despite same contract -- flagged for QA before pooling,https://hsfiles.ucsd.edu/patientBilling/UC-San-Diego-Standard-Charges-956006144.json,2026-09-28
UC San Diego Health (Jacobs Medical Center),CA,45378,Colonoscopy diagnostic,facility,not_found,,,not_found,1888.11,10382.01,4,medium_high,Blue Shield PPO rate exactly equals the case-rate cap -- possible ceiling not typical paid amount; CHAMPVA (not Medicare) also had real data ($388-1196),https://hsfiles.ucsd.edu/patientBilling/UC-San-Diego-Standard-Charges-956006144.json,2026-09-28
UC San Diego Health (Jacobs Medical Center),CA,G0105,Colonoscopy high-risk screening,facility,not_found,,,not_found,,,0,not_found,Found only under a generic 'Misc Services' chargemaster description -- flagged as ambiguous/possibly not reliably this code; all sampled rows were zero-claims placeholders,https://hsfiles.ucsd.edu/patientBilling/UC-San-Diego-Standard-Charges-956006144.json,2026-09-28
University Hospitals Cleveland Medical Center,OH,58100,Endometrial biopsy,facility,MA,191.27,200.83,medium,291.95,335.92,4,medium_high,Only ~27% of a 3.75GB file scanned; Buckeye Medicaid excluded (no real claims),https://sthpiprd.blob.core.windows.net/machine-readable-files/7901/341567805-1043397292_university-hospitals-health-system_standardcharges.csv,2026-09-28
University Hospitals Cleveland Medical Center,OH,88305,Surgical pathology level IV,facility,MA,49.3,51.77,low_medium,70.37,373.32,4,low_medium,"Two distinct CDM lines share identical Anthem/MA dollar figures -- likely one flat CPT-level rate, not line-specific",https://sthpiprd.blob.core.windows.net/machine-readable-files/7901/341567805-1043397292_university-hospitals-health-system_standardcharges.csv,2026-09-28
University Hospitals Cleveland Medical Center,OH,58120,Dilation and curettage,facility,MA,3062.57,3215.7,low_medium,1861.06,2141.32,4,medium_high,"Valor MA rate ($3,215.70) exceeds the code's own gross charge -- anomaly flagged",https://sthpiprd.blob.core.windows.net/machine-readable-files/7901/341567805-1043397292_university-hospitals-health-system_standardcharges.csv,2026-09-28
University Hospitals Cleveland Medical Center,OH,99213,Office visit established level 3,facility,MA,90.97,95.52,low_medium,44.23,239.85,5,low_medium,"CDM miscoding flag: a 'New Patient Level 3' line also maps to 99213 (an established-patient-only code) -- likely hospital coding error; SummaCare/Aetna OPN flat $51/$44.23 rates regardless of new/established, also flagged",https://sthpiprd.blob.core.windows.net/machine-readable-files/7901/341567805-1043397292_university-hospitals-health-system_standardcharges.csv,2026-09-28
University Hospitals Cleveland Medical Center,OH,45378,Colonoscopy diagnostic,facility,MA,879.81,923.8,medium,2050.77,2359.6,4,medium,G0105 rates are dollar-for-dollar identical to 45378's for every payer -- treat as one data point not two,https://sthpiprd.blob.core.windows.net/machine-readable-files/7901/341567805-1043397292_university-hospitals-health-system_standardcharges.csv,2026-09-28
University Hospitals Cleveland Medical Center,OH,G0105,Colonoscopy high-risk screening,facility,MA,879.81,923.8,medium,2050.77,2359.6,4,medium,See 45378 note,https://sthpiprd.blob.core.windows.net/machine-readable-files/7901/341567805-1043397292_university-hospitals-health-system_standardcharges.csv,2026-09-28
Strong Memorial Hospital (University of Rochester Medical Center),NY,58100,Endometrial biopsy,professional,FFS,44.7,69.2,high,52.59,302.14,15,medium,"Real traditional Medicare FFS found, tight and consistent across 8 payers",https://www.urmc.rochester.edu/getmedia/b1fa98a4-bf2c-4b54-883d-edbc50653e7a/161029490-STRONG-MEMORIAL-HOSPITAL-standardcharges.csv,2026-09-28
Strong Memorial Hospital (University of Rochester Medical Center),NY,88305,Surgical pathology level IV,facility,FFS,63.23,87.57,high,50.17,112.4,7,medium,"Several commercial rows (CDPHP, Highmark, Independent Health, UHC-Atlanta) blank/placeholder, excluded",https://www.urmc.rochester.edu/getmedia/b1fa98a4-bf2c-4b54-883d-edbc50653e7a/161029490-STRONG-MEMORIAL-HOSPITAL-standardcharges.csv,2026-09-28
Strong Memorial Hospital (University of Rochester Medical Center),NY,58120,Dilation and curettage,professional,FFS,169.79,218.9,high,169.79,1124.45,15,medium,"A separate, much higher-priced CDM line for this same code exists (excluded as likely a different inpatient-leaning line) -- flag for the study team",https://www.urmc.rochester.edu/getmedia/b1fa98a4-bf2c-4b54-883d-edbc50653e7a/161029490-STRONG-MEMORIAL-HOSPITAL-standardcharges.csv,2026-09-28
Strong Memorial Hospital (University of Rochester Medical Center),NY,99213,Office visit established level 3,facility,FFS,29.21,85.76,medium,19.92,236.04,6,medium,"CDM miscoding flag: 99213 also appears mapped to a 'New Patient' visit description line (1,056 rows) -- almost certainly a hospital crosswalk error, excluded from summary",https://www.urmc.rochester.edu/getmedia/b1fa98a4-bf2c-4b54-883d-edbc50653e7a/161029490-STRONG-MEMORIAL-HOSPITAL-standardcharges.csv,2026-09-28
Strong Memorial Hospital (University of Rochester Medical Center),NY,45378,Colonoscopy diagnostic,professional,FFS,134.61,201.39,high,158.36,879.35,15,medium,Both 45378 and G0105 independently priced (not duplicated) -- genuine separate negotiations,https://www.urmc.rochester.edu/getmedia/b1fa98a4-bf2c-4b54-883d-edbc50653e7a/161029490-STRONG-MEMORIAL-HOSPITAL-standardcharges.csv,2026-09-28
Strong Memorial Hospital (University of Rochester Medical Center),NY,G0105,Colonoscopy high-risk screening,professional,FFS,134.61,201.39,high,158.36,879.35,15,medium,"Rates differ meaningfully per-payer from 45378's -- confirms independent pricing, not a copy-paste artifact",https://www.urmc.rochester.edu/getmedia/b1fa98a4-bf2c-4b54-883d-edbc50653e7a/161029490-STRONG-MEMORIAL-HOSPITAL-standardcharges.csv,2026-09-28
Atrium Health Carolinas Medical Center,NC,45378,Colonoscopy diagnostic,professional,MA,84.41,174.68,medium_high,477.41,730.17,2,medium,Only ~29% of a 2.88GB file scanned; bimodal rates reflect a discontinued-procedure modifier variant,https://sthpiprd.blob.core.windows.net/machine-readable-files/11170/561398929-1295789907_carolinas-medical-center_standardcharges.csv,2026-09-28
Atrium Health Carolinas Medical Center,NC,58100,Endometrial biopsy,professional,MA,59.84,60.01,high,211.21,217.84,2,medium,Facility-level rows all flagged zero-utilization (no real claims in trailing 15 months) -- professional rows preferred,https://sthpiprd.blob.core.windows.net/machine-readable-files/11170/561398929-1295789907_carolinas-medical-center_standardcharges.csv,2026-09-28
Atrium Health Carolinas Medical Center,NC,58120,Dilation and curettage,professional,not_found,,,not_found,,,0,not_found,"Only Medicaid and one MA row found in scanned portion, no commercial professional row",https://sthpiprd.blob.core.windows.net/machine-readable-files/11170/561398929-1295789907_carolinas-medical-center_standardcharges.csv,2026-09-28
Atrium Health Carolinas Medical Center,NC,88305,Surgical pathology level IV,professional,MA,35.25,35.35,medium_high,76.09,127.58,2,low_medium,"Thin coverage, only 2 commercial rows found",https://sthpiprd.blob.core.windows.net/machine-readable-files/11170/561398929-1295789907_carolinas-medical-center_standardcharges.csv,2026-09-28
Atrium Health Carolinas Medical Center,NC,99213,Office visit established level 3,professional,MA,63.59,63.59,low,79.2,79.2,1,low,Only 3 total rows found in the ~29% sampled -- likely more exist in unscanned 71%,https://sthpiprd.blob.core.windows.net/machine-readable-files/11170/561398929-1295789907_carolinas-medical-center_standardcharges.csv,2026-09-28
Atrium Health Carolinas Medical Center,NC,G0105,Colonoscopy high-risk screening,professional,MA,87.15,87.39,medium_high,,,0,not_found,No commercial professional row found for this specific code in scanned portion,https://sthpiprd.blob.core.windows.net/machine-readable-files/11170/561398929-1295789907_carolinas-medical-center_standardcharges.csv,2026-09-28
NYU Langone Hospitals (Tisch),NY,58100,Endometrial biopsy,facility,FFS,238.04,238.04,high,471.33,25798.0,287,low_medium,Real traditional Medicare FFS found (n=54 identical rows). Top commercial values (Magnacare/GHI) are flat 'Case Rate' figures repeated identically across unrelated codes -- exclude before use,https://standard-charges-prod.s3.amazonaws.com/pricing_files/133971298-1801992631_nyu-langone-tisch_standardcharges.csv,2026-09-28
NYU Langone Hospitals (Tisch),NY,88305,Surgical pathology level IV,facility,FFS,63.22,63.22,high,16.42,25798.0,307,low_medium,Same case-rate contamination in top commercial values as 58100,https://standard-charges-prod.s3.amazonaws.com/pricing_files/133971298-1801992631_nyu-langone-tisch_standardcharges.csv,2026-09-28
NYU Langone Hospitals (Tisch),NY,58120,Dilation and curettage,facility,FFS,3762.34,3762.34,high,1317.81,25798.0,261,low_medium,"Same case-rate contamination; Aetna Indemnity 1006 placeholder (=gross charge, zero real claims) excluded from all codes",https://standard-charges-prod.s3.amazonaws.com/pricing_files/133971298-1801992631_nyu-langone-tisch_standardcharges.csv,2026-09-28
NYU Langone Hospitals (Tisch),NY,99213,Office visit established level 3,facility,FFS,71.64,71.64,high,65.78,13453.0,238,low,3 duplicate CDM lines exist (FQHC/office/urgent-care) -- office-visit line used; top commercial values case-rate-contaminated,https://standard-charges-prod.s3.amazonaws.com/pricing_files/133971298-1801992631_nyu-langone-tisch_standardcharges.csv,2026-09-28
NYU Langone Hospitals (Tisch),NY,45378,Colonoscopy diagnostic,facility,FFS,1078.83,1078.83,high,436.98,25798.0,261,low_medium,"Real Medicare FFS, high confidence; commercial tail contaminated by case rates as above",https://standard-charges-prod.s3.amazonaws.com/pricing_files/133971298-1801992631_nyu-langone-tisch_standardcharges.csv,2026-09-28
NYU Langone Hospitals (Tisch),NY,G0105,Colonoscopy high-risk screening,facility,FFS,1078.83,1078.83,high,187.52,25798.0,261,low_medium,Medicaid rows notably lower for G0105 than 45378 for same plans -- possibly a real screening-vs-diagnostic distinction,https://standard-charges-prod.s3.amazonaws.com/pricing_files/133971298-1801992631_nyu-langone-tisch_standardcharges.csv,2026-09-28
IU Health University Hospital,IN,58100,Endometrial biopsy,unknown,not_found,,,not_found,,,0,not_found,"Entire iuhealth.org domain silently drops all automated requests (Akamai-style block, confirmed on root domain too) -- MRF file URL never located, zero rows extracted. Hospital's own documentation states its files exclude traditional Medicare/Medicaid entirely",https://iuhealth.org/schedule-an-appointment/price-estimates/standard-charge-listing,2026-09-28
IU Health University Hospital,IN,88305,Surgical pathology level IV,unknown,not_found,,,not_found,,,0,not_found,"Entire iuhealth.org domain silently drops all automated requests (Akamai-style block, confirmed on root domain too) -- MRF file URL never located, zero rows extracted. Hospital's own documentation states its files exclude traditional Medicare/Medicaid entirely",https://iuhealth.org/schedule-an-appointment/price-estimates/standard-charge-listing,2026-09-28
IU Health University Hospital,IN,58120,Dilation and curettage,unknown,not_found,,,not_found,,,0,not_found,"Entire iuhealth.org domain silently drops all automated requests (Akamai-style block, confirmed on root domain too) -- MRF file URL never located, zero rows extracted. Hospital's own documentation states its files exclude traditional Medicare/Medicaid entirely",https://iuhealth.org/schedule-an-appointment/price-estimates/standard-charge-listing,2026-09-28
IU Health University Hospital,IN,99213,Office visit established level 3,unknown,not_found,,,not_found,,,0,not_found,"Entire iuhealth.org domain silently drops all automated requests (Akamai-style block, confirmed on root domain too) -- MRF file URL never located, zero rows extracted. Hospital's own documentation states its files exclude traditional Medicare/Medicaid entirely",https://iuhealth.org/schedule-an-appointment/price-estimates/standard-charge-listing,2026-09-28
IU Health University Hospital,IN,45378,Colonoscopy diagnostic,unknown,not_found,,,not_found,,,0,not_found,"Entire iuhealth.org domain silently drops all automated requests (Akamai-style block, confirmed on root domain too) -- MRF file URL never located, zero rows extracted. Hospital's own documentation states its files exclude traditional Medicare/Medicaid entirely",https://iuhealth.org/schedule-an-appointment/price-estimates/standard-charge-listing,2026-09-28
IU Health University Hospital,IN,G0105,Colonoscopy high-risk screening,unknown,not_found,,,not_found,,,0,not_found,"Entire iuhealth.org domain silently drops all automated requests (Akamai-style block, confirmed on root domain too) -- MRF file URL never located, zero rows extracted. Hospital's own documentation states its files exclude traditional Medicare/Medicaid entirely",https://iuhealth.org/schedule-an-appointment/price-estimates/standard-charge-listing,2026-09-28
Jackson Memorial Hospital,FL,58100,Endometrial biopsy,facility,not_found,,,not_found,162.94,228.24,6,medium,"Every Medicare/MA row has zero real claims (count=0); 'MCR' payer labels are almost certainly mislabeled Medicare Advantage, not FFS",https://apps.para-hcfs.com/PTT/FinalLinks/Reports.aspx?dbName=dbJMHMiamiFL&type=CDMWithoutLabel&fileType=CSV,2026-09-28
Jackson Memorial Hospital,FL,88305,Surgical pathology level IV,facility,not_found,,,not_found,260.08,465.52,5,medium,Same zero-claims Medicare/MA caveat; code bills against 4 different CDM gross-charge tiers,https://apps.para-hcfs.com/PTT/FinalLinks/Reports.aspx?dbName=dbJMHMiamiFL&type=CDMWithoutLabel&fileType=CSV,2026-09-28
Jackson Memorial Hospital,FL,58120,Dilation and curettage,facility,not_found,,,not_found,,,0,not_found,"Code genuinely not published -- confirmed absent, only inpatient MS-DRG-bundled D&C/abortion rates exist",https://apps.para-hcfs.com/PTT/FinalLinks/Reports.aspx?dbName=dbJMHMiamiFL&type=CDMWithoutLabel&fileType=CSV,2026-09-28
Jackson Memorial Hospital,FL,99213,Office visit established level 3,facility,not_found,,,not_found,191.21,267.84,6,high,"Largest claims volumes in this hospital's file (up to 812 claims per payer); Molina row is Medicaid not commercial, flagged",https://apps.para-hcfs.com/PTT/FinalLinks/Reports.aspx?dbName=dbJMHMiamiFL&type=CDMWithoutLabel&fileType=CSV,2026-09-28
Jackson Memorial Hospital,FL,45378,Colonoscopy diagnostic,facility,not_found,,,not_found,,,0,not_found,Code genuinely not published -- no 'colonoscopy' text anywhere in the 306MB file,https://apps.para-hcfs.com/PTT/FinalLinks/Reports.aspx?dbName=dbJMHMiamiFL&type=CDMWithoutLabel&fileType=CSV,2026-09-28
Jackson Memorial Hospital,FL,G0105,Colonoscopy high-risk screening,facility,not_found,,,not_found,,,0,not_found,Code genuinely not published (see 45378 note),https://apps.para-hcfs.com/PTT/FinalLinks/Reports.aspx?dbName=dbJMHMiamiFL&type=CDMWithoutLabel&fileType=CSV,2026-09-28
University of New Mexico Hospital,NM,58100,Endometrial biopsy,facility,MA,99.58,487.94,medium,101.36,398.32,3,low,Duplicate CDM lines produce a 2-tier MA rate; United Healthcare Commercial's $46 rate is identical to its own 99213 rate -- flagged as a likely cross-code placeholder,https://unmhealth.org/patients-visitors/_files/856003005_university-of-new-mexico-hospital_standardcharges.csv,2026-10-01
University of New Mexico Hospital,NM,88305,Surgical pathology level IV,facility,MA,18.49,125.78,medium,41.08,102.68,2,low,Only 2 commercial payers have any real dollar value; 14 others are zero-utilization percent-of-charge placeholders,https://unmhealth.org/patients-visitors/_files/856003005_university-of-new-mexico-hospital_standardcharges.csv,2026-10-01
University of New Mexico Hospital,NM,58120,Dilation and curettage,facility,MA,2870.05,7812.93,medium,218.77,6377.9,2,low,BCBS 'Blue Community HMO' rate ($218.77) is far below every MA and other commercial rate for this code -- flagged as a likely anomaly,https://unmhealth.org/patients-visitors/_files/856003005_university-of-new-mexico-hospital_standardcharges.csv,2026-10-01
University of New Mexico Hospital,NM,99213,Office visit established level 3,facility,MA,51.43,139.99,medium,46.0,114.28,2,low,United Healthcare Commercial $46 rate is identical to its own 58100 rate -- flagged as a likely cross-code placeholder,https://unmhealth.org/patients-visitors/_files/856003005_university-of-new-mexico-hospital_standardcharges.csv,2026-10-01
University of New Mexico Hospital,NM,45378,Colonoscopy diagnostic,facility,MA,412.24,2244.49,medium,349.14,1832.24,2,low,Only 2 commercial payers carry real dollar values of ~17 nominally commercial columns,https://unmhealth.org/patients-visitors/_files/856003005_university-of-new-mexico-hospital_standardcharges.csv,2026-10-01
University of New Mexico Hospital,NM,G0105,Colonoscopy high-risk screening,facility,MA,824.51,2244.49,medium,329.06,1832.24,2,low,Hospital publishes both 45378 and G0105 as distinct CDM lines,https://unmhealth.org/patients-visitors/_files/856003005_university-of-new-mexico-hospital_standardcharges.csv,2026-10-01
M Health Fairview University of Minnesota Medical Center,MN,58100,Endometrial biopsy,professional,MA,56.08,61.41,medium,141.1,372.95,8,low_medium,Aetna Transplant and other niche-network rows excluded from general commercial interpretation; Medicaid MCO rows (UCare/HealthPartners/Hennepin PMAP) correctly separated,https://requiredlearning.fairview.org/price_transparency/410991680-1013994359_fairview-health-services_standardcharges.csv,2026-10-01
M Health Fairview University of Minnesota Medical Center,MN,88305,Surgical pathology level IV,professional,MA,8.28,224.40,low,10.35,224.40,15,low,Even Medicare Advantage rates vary ~2x across duplicate chargemaster lines for this code -- cannot be reduced to a single defensible number at this hospital,https://requiredlearning.fairview.org/price_transparency/410991680-1013994359_fairview-health-services_standardcharges.csv,2026-10-01
M Health Fairview University of Minnesota Medical Center,MN,58120,Dilation and curettage,professional,MA,213.3,233.78,medium,116.01,886.02,4,low,"First Health $7,300 line flagged as a likely different/bundled CDM item, excluded as anomalous",https://requiredlearning.fairview.org/price_transparency/410991680-1013994359_fairview-health-services_standardcharges.csv,2026-10-01
M Health Fairview University of Minnesota Medical Center,MN,99213,Office visit established level 3,professional,MA,60.93,66.75,medium_high,130.98,250.92,3,medium,Optum Behavioral Medicare excluded as a non-representative carve-out network,https://requiredlearning.fairview.org/price_transparency/410991680-1013994359_fairview-health-services_standardcharges.csv,2026-10-01
M Health Fairview University of Minnesota Medical Center,MN,45378,Colonoscopy diagnostic,professional,MA,166.27,182.14,medium,107.44,1192.55,3,low,"Wide duplicate-CDM-line spread; UCare 'Individual and Family' $1,613-2,085 outlier excluded",https://requiredlearning.fairview.org/price_transparency/410991680-1013994359_fairview-health-services_standardcharges.csv,2026-10-01
M Health Fairview University of Minnesota Medical Center,MN,G0105,Colonoscopy high-risk screening,professional,MA,166.27,182.48,medium_high,198.51,841.84,2,low_medium,"Cleanest/least-duplicated of the 6 codes; HealthPartners Commercial notably lower than UHC/BCBS for same code, flagged",https://requiredlearning.fairview.org/price_transparency/410991680-1013994359_fairview-health-services_standardcharges.csv,2026-10-01
Northwestern Memorial Hospital,IL,45378,Colonoscopy diagnostic,facility,not_found,,,not_found,699.76,1673.65,5,medium,"No Medicare/MA row published for this code at all; 96.5% of rows are zero-claims, 43% are gross-charge placeholders under 'NON-CONTRACTED PAYORS' -- excluded. IPA plan names under commercial payer brands may actually be MA/Medicaid, flagged",https://www.nm.org/site_data/370960170_northwestern-memorial-hospital_standardcharges.json,2026-10-01
Northwestern Memorial Hospital,IL,88305,Surgical pathology level IV,facility,not_found,,,not_found,,,0,inconclusive,"Only found as a reference-lab ARUP send-out line, not generic in-house pathology -- not representative of typical reimbursement",https://www.nm.org/site_data/370960170_northwestern-memorial-hospital_standardcharges.json,2026-10-01
Northwestern Memorial Hospital,IL,58100,Endometrial biopsy,unknown,not_found,,,inconclusive,,,0,inconclusive,"Not found despite targeted multi-offset sampling covering the alphabetically-sorted procedure-description block (B-T); genuinely may not be published under this code, or sits in the unsampled A/U-Z tail. ~97% of the 4.67GB file remains unscanned overall",https://www.nm.org/site_data/370960170_northwestern-memorial-hospital_standardcharges.json,2026-10-01
Northwestern Memorial Hospital,IL,58120,Dilation and curettage,unknown,not_found,,,inconclusive,,,0,inconclusive,"Not found despite targeted multi-offset sampling covering the alphabetically-sorted procedure-description block (B-T); genuinely may not be published under this code, or sits in the unsampled A/U-Z tail. ~97% of the 4.67GB file remains unscanned overall",https://www.nm.org/site_data/370960170_northwestern-memorial-hospital_standardcharges.json,2026-10-01
Northwestern Memorial Hospital,IL,99213,Office visit established level 3,unknown,not_found,,,inconclusive,,,0,inconclusive,"Not found despite targeted multi-offset sampling covering the alphabetically-sorted procedure-description block (B-T); genuinely may not be published under this code, or sits in the unsampled A/U-Z tail. ~97% of the 4.67GB file remains unscanned overall",https://www.nm.org/site_data/370960170_northwestern-memorial-hospital_standardcharges.json,2026-10-01
Northwestern Memorial Hospital,IL,G0105,Colonoscopy high-risk screening,unknown,not_found,,,inconclusive,,,0,inconclusive,"Not found despite targeted multi-offset sampling covering the alphabetically-sorted procedure-description block (B-T); genuinely may not be published under this code, or sits in the unsampled A/U-Z tail. ~97% of the 4.67GB file remains unscanned overall",https://www.nm.org/site_data/370960170_northwestern-memorial-hospital_standardcharges.json,2026-10-01
University of Virginia Medical Center,VA,58100,Endometrial biopsy,facility,MA,202.83,202.83,high,457.46,1260.0,3,low_medium,2 duplicate CDM lines produce conflicting commercial rates for several payers -- cannot collapse to one number; Blue Ridge PACE (dual Medicare+Medicaid) flagged ambiguous,https://brand.uvahealth.com/api/asset/download,2026-10-01
University of Virginia Medical Center,VA,88305,Surgical pathology level IV,facility,MA,52.28,359.62,medium,98.0,273.7,7,high,"Two CDM lines disagree ~7x in MA rate (likely technical vs professional/global component) -- do not average; commercial side has high-volume real claims (Anthem n=2605, Cigna n=631)",https://brand.uvahealth.com/api/asset/download,2026-10-01
University of Virginia Medical Center,VA,58120,Dilation and curettage,facility,MA,3247.71,3247.71,high,1088.0,10648.0,5,medium,Facility-level CDM line only; a smaller office-level CDM line for the same code has zero MA rows,https://brand.uvahealth.com/api/asset/download,2026-10-01
University of Virginia Medical Center,VA,99213,Office visit established level 3,facility,MA,133.57,133.57,medium_high,25.23,398.89,6,medium,"Anthem rate ($398.89) is an 8x outlier vs the $25-52 cluster of other payers -- possibly a bundled/global visit artifact, flagged",https://brand.uvahealth.com/api/asset/download,2026-10-01
University of Virginia Medical Center,VA,45378,Colonoscopy diagnostic,facility,MA,933.0,933.0,high,1088.0,5423.0,5,high,Large real-claims volumes (Anthem n=132-158),https://brand.uvahealth.com/api/asset/download,2026-10-01
University of Virginia Medical Center,VA,G0105,Colonoscopy high-risk screening,facility,MA,933.0,933.0,high,1088.0,5423.0,5,high,"Rates essentially identical to 45378 for same payers, though UHC All Payer genuinely differs between the two codes",https://brand.uvahealth.com/api/asset/download,2026-10-01
City of Hope National Medical Center,CA,58100,Endometrial biopsy,facility,MA,303.4,369.0,medium,248.97,922.5,13,medium,"3 commercial rows equal the $1,025 gross charge exactly, excluded as placeholders; 2 Medi-Cal managed-care plans (LA Care, Gold Coast) mislabeled 'All Commercial Plans', excluded from commercial",https://web.archive.org/web/20250809141652id_/https://www.cityofhope.org/951683875_city-of-hope-national-medical-center-_standardcharges.json,2026-10-01
City of Hope National Medical Center,CA,58120,Dilation and curettage,facility,MA,3466.68,4457.16,medium_high,3750.0,11142.9,11,medium_high,Only 1 gross-charge-placeholder row (UHC Choice) excluded; same 2 mislabeled Medi-Cal plans flagged,https://web.archive.org/web/20250809141652id_/https://www.cityofhope.org/951683875_city-of-hope-national-medical-center-_standardcharges.json,2026-10-01
City of Hope National Medical Center,CA,45378,Colonoscopy diagnostic,facility,MA,2017.68,2594.16,medium_high,1142.0,6485.0,10,medium,"3 of ~17 commercial rows equal gross charge ($7,206), excluded as placeholders; G0105 not found in any scanned range (50-200MB gap unscanned)",https://web.archive.org/web/20250809141652id_/https://www.cityofhope.org/951683875_city-of-hope-national-medical-center-_standardcharges.json,2026-10-01
City of Hope National Medical Center,CA,88305,Surgical pathology level IV,facility,MA,110.6,142.2,medium_high,111.0,304.15,10,medium,10 unrelated vascular-access-device line items were also mis-coded as 88305 in the hospital's own file -- identified and excluded,https://web.archive.org/web/20250809141652id_/https://www.cityofhope.org/951683875_city-of-hope-national-medical-center-_standardcharges.json,2026-10-01
City of Hope National Medical Center,CA,99213,Office visit established level 3,facility,MA,122.5,176.4,medium,93.41,377.3,10,medium,Duplicate CDM line ('Eclipse Insert' variant) and 2 unrelated urology line items mis-coded as 99213 -- both excluded,https://web.archive.org/web/20250809141652id_/https://www.cityofhope.org/951683875_city-of-hope-national-medical-center-_standardcharges.json,2026-10-01
City of Hope National Medical Center,CA,G0105,Colonoscopy high-risk screening,facility,not_found,,,not_found,,,0,inconclusive,Zero matches in any of the ~74% of file scanned (bytes 0-50M and 200M-774.5M); may exist in the unscanned 50-200MB gap,https://web.archive.org/web/20250809141652id_/https://www.cityofhope.org/951683875_city-of-hope-national-medical-center-_standardcharges.json,2026-10-01
Allegheny General Hospital,PA,58100,Endometrial biopsy,professional,FFS,53.55,64.96,medium,71.96,125.24,3,low,"Only the 'Physician'-tagged rows used here (true professional fee); a separate blank-notes row cluster ($300-1,168) is likely the facility/OR fee for the same code, excluded to avoid conflation",https://www.ahn.org/content/dam/ahn/en/dmxahn/documents/patients-visitors/patients/financial-services/hospital-charges/250969492-1285667493_west-penn-allegheny-health-system-inc_standardcharges.csv,2026-10-01
Allegheny General Hospital,PA,88305,Surgical pathology level IV,professional,FFS,47.29,73.06,medium_high,54.48,179.16,10,medium,No facility/professional split issue for this code; Highmark Security/Freedom Blue correctly reclassified as Medicare Advantage despite ambiguous plan names,https://www.ahn.org/content/dam/ahn/en/dmxahn/documents/patients-visitors/patients/financial-services/hospital-charges/250969492-1285667493_west-penn-allegheny-health-system-inc_standardcharges.csv,2026-10-01
Allegheny General Hospital,PA,58120,Dilation and curettage,professional,FFS,177.45,240.28,medium,268.17,438.57,3,low,"Physician-tagged rows only; a separate facility-fee cluster for this code runs $2,814-$10,661, excluded",https://www.ahn.org/content/dam/ahn/en/dmxahn/documents/patients-visitors/patients/financial-services/hospital-charges/250969492-1285667493_west-penn-allegheny-health-system-inc_standardcharges.csv,2026-10-01
Allegheny General Hospital,PA,99213,Office visit established level 3,professional,FFS,36.75,67.79,medium_high,73.93,157.0,7,medium,Largest sample of the 6 codes; Medicaid n=30 is the most consistent payer category found,https://www.ahn.org/content/dam/ahn/en/dmxahn/documents/patients-visitors/patients/financial-services/hospital-charges/250969492-1285667493_west-penn-allegheny-health-system-inc_standardcharges.csv,2026-10-01
Allegheny General Hospital,PA,45378,Colonoscopy diagnostic,professional,FFS,158.77,203.83,medium,265.49,359.04,3,low,"Physician-tagged rows only; a separate endoscopy-suite facility-fee cluster runs $613.70-$3,057.14, excluded",https://www.ahn.org/content/dam/ahn/en/dmxahn/documents/patients-visitors/patients/financial-services/hospital-charges/250969492-1285667493_west-penn-allegheny-health-system-inc_standardcharges.csv,2026-10-01
Allegheny General Hospital,PA,G0105,Colonoscopy high-risk screening,professional,FFS,158.77,187.79,low_medium,195.98,358.37,2,low,Shares underlying payer rows with 45378 (dual CPT/HCPCS tagging of same service); thin Medicaid sample (n<=4),https://www.ahn.org/content/dam/ahn/en/dmxahn/documents/patients-visitors/patients/financial-services/hospital-charges/250969492-1285667493_west-penn-allegheny-health-system-inc_standardcharges.csv,2026-10-01
Froedtert Hospital (Medical College of Wisconsin),WI,58100,Endometrial biopsy,facility,MA,204.43,208.52,medium,424.08,1368.0,6,low_medium,"MA rates collapse into just 2 identical values across many unrelated payers -- likely benchmarked, not independently negotiated; Anthem $4,258 and MCW employee-plan rows flagged as non-representative outliers",https://sthpiprd.blob.core.windows.net/machine-readable-files/7864/396105970_froedtert-memorial-lutheran-hospital-inc_standardcharges.csv,2026-10-01
Froedtert Hospital (Medical College of Wisconsin),WI,58120,Dilation and curettage,facility,MA,3231.04,3295.66,medium,4659.0,6738.0,3,low,"UHC/UMR $9,469 excluded as a clear outlier; majority of commercial rows are zero-utilization placeholders",https://sthpiprd.blob.core.windows.net/machine-readable-files/7864/396105970_froedtert-memorial-lutheran-hospital-inc_standardcharges.csv,2026-10-01
Froedtert Hospital (Medical College of Wisconsin),WI,99213,Office visit established level 3,facility,MA,84.91,86.61,medium,114.7,157.25,3,low_medium,Roughly half of commercial payer rows carry no dollar value at all ('not reimbursed per contract'),https://sthpiprd.blob.core.windows.net/machine-readable-files/7864/396105970_froedtert-memorial-lutheran-hospital-inc_standardcharges.csv,2026-10-01
Froedtert Hospital (Medical College of Wisconsin),WI,88305,Surgical pathology level IV,facility,MA,54.3,55.38,medium_high,166.33,538.9,4,medium,"Largest, most consistent MA sample of the 5 codes; Network Health Plan rates suspiciously close to the MA rate, flagged",https://sthpiprd.blob.core.windows.net/machine-readable-files/7864/396105970_froedtert-memorial-lutheran-hospital-inc_standardcharges.csv,2026-10-01
Froedtert Hospital (Medical College of Wisconsin),WI,45378,Colonoscopy diagnostic,facility,MA,926.48,945.01,medium,3917.0,6766.0,4,medium,"MA rate equals the file's own stated floor -- possible default/benchmarked value, not payer-specific; UHC/UMR $6,766 equals the file's ceiling, also flagged",https://sthpiprd.blob.core.windows.net/machine-readable-files/7864/396105970_froedtert-memorial-lutheran-hospital-inc_standardcharges.csv,2026-10-01
Froedtert Hospital (Medical College of Wisconsin),WI,G0105,Colonoscopy high-risk screening,facility,MA,926.48,945.01,medium,2932.0,4714.0,4,medium,Cleanest/most-complete subset of the 5 codes but smallest payer roster and no Medicaid entries,https://sthpiprd.blob.core.windows.net/machine-readable-files/7864/396105970_froedtert-memorial-lutheran-hospital-inc_standardcharges.csv,2026-10-01
Wake Forest Baptist Medical Center (North Carolina Baptist Hospital),NC,58100,Endometrial biopsy,facility,not_found,,,not_found,160.56,160.56,1,medium,"Only ~33% of a 3.07GB file scanned; only 1 payer (Aetna Whole Health) has real claims-backed utilization (n=74), rest are zero-claims placeholders",https://sthpiprd.blob.core.windows.net/machine-readable-files/11239/560552787_north-carolina-baptist-hospital_standardcharges.csv,2026-10-01
Wake Forest Baptist Medical Center (North Carolina Baptist Hospital),NC,88305,Surgical pathology level IV,facility,not_found,,,not_found,81.53,127.14,2,medium_high,"BCBS HMO/PPO rate backed by a very large real claims sample (n=2,581); Aetna IVL Exchange is an ACA individual-marketplace product, flagged separately",https://sthpiprd.blob.core.windows.net/machine-readable-files/11239/560552787_north-carolina-baptist-hospital_standardcharges.csv,2026-10-01
Wake Forest Baptist Medical Center (North Carolina Baptist Hospital),NC,58120,Dilation and curettage,unknown,not_found,,,inconclusive,,,0,inconclusive,Not found in the ~33% (bytes 0-1.0GB of 3.07GB) scanned; remainder unscanned per the >2GB partial-coverage rule,https://sthpiprd.blob.core.windows.net/machine-readable-files/11239/560552787_north-carolina-baptist-hospital_standardcharges.csv,2026-10-01
Wake Forest Baptist Medical Center (North Carolina Baptist Hospital),NC,99213,Office visit established level 3,unknown,not_found,,,inconclusive,,,0,inconclusive,Not found in the ~33% (bytes 0-1.0GB of 3.07GB) scanned; remainder unscanned per the >2GB partial-coverage rule,https://sthpiprd.blob.core.windows.net/machine-readable-files/11239/560552787_north-carolina-baptist-hospital_standardcharges.csv,2026-10-01
Wake Forest Baptist Medical Center (North Carolina Baptist Hospital),NC,45378,Colonoscopy diagnostic,unknown,not_found,,,inconclusive,,,0,inconclusive,Not found in the ~33% (bytes 0-1.0GB of 3.07GB) scanned; remainder unscanned per the >2GB partial-coverage rule,https://sthpiprd.blob.core.windows.net/machine-readable-files/11239/560552787_north-carolina-baptist-hospital_standardcharges.csv,2026-10-01
Wake Forest Baptist Medical Center (North Carolina Baptist Hospital),NC,G0105,Colonoscopy high-risk screening,unknown,not_found,,,inconclusive,,,0,inconclusive,Not found in the ~33% (bytes 0-1.0GB of 3.07GB) scanned; remainder unscanned per the >2GB partial-coverage rule,https://sthpiprd.blob.core.windows.net/machine-readable-files/11239/560552787_north-carolina-baptist-hospital_standardcharges.csv,2026-10-01
The University of Kansas Hospital,KS,58120,Dilation and curettage,facility,MA,3082.73,3233.85,medium_high,1962.77,1962.77,1,low,"File is 36.8GB (largest encountered in this project); targeted binary-search sampling found this code's cluster; BCBS commercial row's own reported median ($13,118.68) is internally inconsistent with its own negotiated rate -- flagged as a likely hospital-side data error",https://ukhspricetransparency.blob.core.windows.net/ukhs-price-transparency/48-1201402_TheUniversityOfKansasHealthSystemKansasCityCampus_standardcharges.csv,2026-10-01
The University of Kansas Hospital,KS,58100,Endometrial biopsy,unknown,not_found,,,inconclusive,,,0,inconclusive,Not found in the ~5% (1.9GB) of the 36.8GB file sampled via targeted binary search around the surgical-services region; 45378 specifically may genuinely not be billed standalone (only its intervention-variant neighbor codes 45379/45380/45382 were found),https://ukhspricetransparency.blob.core.windows.net/ukhs-price-transparency/48-1201402_TheUniversityOfKansasHealthSystemKansasCityCampus_standardcharges.csv,2026-10-01
The University of Kansas Hospital,KS,88305,Surgical pathology level IV,unknown,not_found,,,inconclusive,,,0,inconclusive,Not found in the ~5% (1.9GB) of the 36.8GB file sampled via targeted binary search around the surgical-services region; 45378 specifically may genuinely not be billed standalone (only its intervention-variant neighbor codes 45379/45380/45382 were found),https://ukhspricetransparency.blob.core.windows.net/ukhs-price-transparency/48-1201402_TheUniversityOfKansasHealthSystemKansasCityCampus_standardcharges.csv,2026-10-01
The University of Kansas Hospital,KS,99213,Office visit established level 3,unknown,not_found,,,inconclusive,,,0,inconclusive,Not found in the ~5% (1.9GB) of the 36.8GB file sampled via targeted binary search around the surgical-services region; 45378 specifically may genuinely not be billed standalone (only its intervention-variant neighbor codes 45379/45380/45382 were found),https://ukhspricetransparency.blob.core.windows.net/ukhs-price-transparency/48-1201402_TheUniversityOfKansasHealthSystemKansasCityCampus_standardcharges.csv,2026-10-01
The University of Kansas Hospital,KS,45378,Colonoscopy diagnostic,unknown,not_found,,,inconclusive,,,0,inconclusive,Not found in the ~5% (1.9GB) of the 36.8GB file sampled via targeted binary search around the surgical-services region; 45378 specifically may genuinely not be billed standalone (only its intervention-variant neighbor codes 45379/45380/45382 were found),https://ukhspricetransparency.blob.core.windows.net/ukhs-price-transparency/48-1201402_TheUniversityOfKansasHealthSystemKansasCityCampus_standardcharges.csv,2026-10-01
The University of Kansas Hospital,KS,G0105,Colonoscopy high-risk screening,unknown,not_found,,,inconclusive,,,0,inconclusive,Not found in the ~5% (1.9GB) of the 36.8GB file sampled via targeted binary search around the surgical-services region; 45378 specifically may genuinely not be billed standalone (only its intervention-variant neighbor codes 45379/45380/45382 were found),https://ukhspricetransparency.blob.core.windows.net/ukhs-price-transparency/48-1201402_TheUniversityOfKansasHealthSystemKansasCityCampus_standardcharges.csv,2026-10-01
USA Health University Hospital,AL,58100,Endometrial biopsy,facility,MA,96.23,108.02,high,98.2,362.0,5,low_medium,Tight MA cluster; commercial spread wide but small N per payer,https://sthpiprd.blob.core.windows.net/machine-readable-files/12725/630477348_usa-health-university-hospital_standardcharges.csv,2026-10-01
USA Health University Hospital,AL,88305,Surgical pathology level IV,facility,MA,68.74,77.16,high,13.45,145.6,5,low,"3 distinct CDM lines produce genuinely different gross charges/rates (not duplicates); $13.45 UHC rate flagged as anomalously low, likely a technical-component-only carve-out",https://sthpiprd.blob.core.windows.net/machine-readable-files/12725/630477348_usa-health-university-hospital_standardcharges.csv,2026-10-01
USA Health University Hospital,AL,58120,Dilation and curettage,facility,MA,292.3,328.1,high,298.27,402.66,3,low,"UHC PPO $1,157 is a 3-4x outlier vs the rest, flagged for review; Molina CHIP Medicaid rate exactly equals gross charge, excluded as placeholder",https://sthpiprd.blob.core.windows.net/machine-readable-files/12725/630477348_usa-health-university-hospital_standardcharges.csv,2026-10-01
USA Health University Hospital,AL,99213,Office visit established level 3,facility,MA,93.29,104.71,high,83.3,128.51,4,medium,Reasonably tight commercial cluster despite small N,https://sthpiprd.blob.core.windows.net/machine-readable-files/12725/630477348_usa-health-university-hospital_standardcharges.csv,2026-10-01
USA Health University Hospital,AL,G0105,Colonoscopy high-risk screening,facility,MA,370.54,415.91,high,378.1,525.0,5,medium,Hospital publishes G0105 only for colonoscopy (facility level); a separate professional-billing-class 45378 row also exists,https://sthpiprd.blob.core.windows.net/machine-readable-files/12725/630477348_usa-health-university-hospital_standardcharges.csv,2026-10-01
USA Health University Hospital,AL,45378,Colonoscopy diagnostic,professional,not_found,,,not_found,451.5,451.5,1,low,"Only one professional-component row found; facility-level colonoscopy is billed as G0105 at this hospital, not 45378",https://sthpiprd.blob.core.windows.net/machine-readable-files/12725/630477348_usa-health-university-hospital_standardcharges.csv,2026-10-01
University Health System (San Antonio),TX,58100,Endometrial biopsy,facility,MA,188.89,188.89,low,60.64,370.0,8,high,"Two Aetna 'case rate' values equal the file's own max bound exactly, flagged as bundle-ceiling artifacts, excluded; Medicaid MCO cluster (n=8) is tight and high-confidence",https://sthpiprd.blob.core.windows.net/machine-readable-files/9382/746002164_bexar-county-hospital-district_standardcharges.csv,2026-10-01
University Health System (San Antonio),TX,58120,Dilation and curettage,facility,MA,2985.52,2985.52,low,2484.06,3150.0,8,medium_high,"Community First Commercial $565 (=file min) and Aetna $3,150 (=file max) both flagged as bound-exact placeholders, excluded",https://sthpiprd.blob.core.windows.net/machine-readable-files/9382/746002164_bexar-county-hospital-district_standardcharges.csv,2026-10-01
University Health System (San Antonio),TX,88305,Surgical pathology level IV,facility,MA,50.17,50.17,low,48.0,505.0,6,low_medium,"Fee-schedule (Aetna) vs percent-of-billed (BCBS etc) methodologies answer different questions, not directly comparable; Driscoll Medicaid n=1-10, unreliable small sample",https://sthpiprd.blob.core.windows.net/machine-readable-files/9382/746002164_bexar-county-hospital-district_standardcharges.csv,2026-10-01
University Health System (San Antonio),TX,99213,Office visit established level 3,facility,MA,,,not_found,63.2,110.6,9,high,"Medicare Advantage explicitly 'Not reimbursed per contract' for this code; Aetna pays the professional-coded duplicate CDM line but refuses the facility-coded line -- a genuine payer-specific distinction; large Medicaid sample (n up to 15,524)",https://sthpiprd.blob.core.windows.net/machine-readable-files/9382/746002164_bexar-county-hospital-district_standardcharges.csv,2026-10-01
University Health System (San Antonio),TX,45378,Colonoscopy diagnostic,facility,MA,856.08,856.08,low,916.66,2993.0,5,low_medium,Aetna and BCBS HMO rates both sit exactly at the file's derived min/max bounds -- flagged as generic bundle placeholders; Medicaid MCO cluster (n=8) tight and high-confidence,https://sthpiprd.blob.core.windows.net/machine-readable-files/9382/746002164_bexar-county-hospital-district_standardcharges.csv,2026-10-01
University Health System (San Antonio),TX,G0105,Colonoscopy high-risk screening,facility,MA,856.08,856.08,low,916.66,2993.0,5,low_medium,"Hospital bills 45378 and G0105 as byte-identical dual-coded price lists -- effectively one price list, not two independent negotiations",https://sthpiprd.blob.core.windows.net/machine-readable-files/9382/746002164_bexar-county-hospital-district_standardcharges.csv,2026-10-01
